ip,timestamp,request,status,size,referrer,user_agent
206.106.57.168,22/Jul/2024:17:02:13,GET /home HTTP/1.1,502,2260,-,Mozilla/5.0 (Windows NT 10.0; Win64; x64; rv:89.0) Gecko/20100101 Firefox/89.0
156.163.78.161,17/Jul/2024:14:57:32,DELETE /contact HTTP/1.0,500,4829,https://www.linkedin.com,"Mozilla/5.0 (iPhone; CPU iPhone OS 14_6 like Mac OS X) AppleWebKit/605.1.15 (KHTML, like Gecko) Version/14.1.1 Mobile/15E148 Safari/604.1"
208.198.80.245,15/Jul/2024:01:19:30,GET /blog HTTP/1.1,200,4269,https://www.facebook.com,"Mozilla/5.0 (iPhone; CPU iPhone OS 14_6 like Mac OS X) AppleWebKit/605.1.15 (KHTML, like Gecko) Version/14.1.1 Mobile/15E148 Safari/604.1"
162.202.70.151,04/Aug/2024:14:05:06,POST /about HTTP/2.0,404,2234,https://www.linkedin.com,"Mozilla/5.0 (Windows NT 10.0; Win64; x64) AppleWebKit/537.36 (KHTML, like Gecko) Chrome/91.0.4472.124 Safari/537.36"
180.229.85.195,22/Jul/2024:09:33:37,POST /signup HTTP/1.1,502,4562,https://www.bing.com,"Mozilla/5.0 (Windows NT 10.0; Win64; x64) AppleWebKit/537.36 (KHTML, like Gecko) Edge/91.0.864.59"
136.242.68.47,08/Aug/2024:18:27:26,DELETE /contact HTTP/1.0,500,3801,https://www.bing.com,"Mozilla/5.0 (iPhone; CPU iPhone OS 14_6 like Mac OS X) AppleWebKit/605.1.15 (KHTML, like Gecko) Version/14.1.1 Mobile/15E148 Safari/604.1"
190.30.248.169,08/Aug/2024:01:30:53,POST /signup HTTP/1.0,400,4717,https://www.twitter.com,"Mozilla/5.0 (Macintosh; Intel Mac OS X 10_15_7) AppleWebKit/537.36 (KHTML, like Gecko) Chrome/91.0.4472.114 Safari/537.36"
197.211.63.184,02/Aug/2024:03:39:50,PUT /login HTTP/1.0,200,961,https://www.twitter.com,Mozilla/5.0 (Windows NT 10.0; Win64; x64; rv:89.0) Gecko/20100101 Firefox/89.0
200.113.129.6,08/Aug/2024:18:13:38,GET /about HTTP/1.1,500,2327,https://www.twitter.com,"Mozilla/5.0 (Windows NT 10.0; Win64; x64) AppleWebKit/537.36 (KHTML, like Gecko) Chrome/91.0.4472.124 Safari/537.36"
16.236.33.234,18/Jul/2024:03:42:33,PUT /about HTTP/1.0,500,3551,https://www.linkedin.com,"Mozilla/5.0 (Macintosh; Intel Mac OS X 10_15_7) AppleWebKit/537.36 (KHTML, like Gecko) Chrome/91.0.4472.114 Safari/537.36"
24.156.62.188,17/Jul/2024:23:11:55,GET /contact HTTP/1.0,500,816,https://www.bing.com,"Mozilla/5.0 (Windows NT 10.0; Win64; x64) AppleWebKit/537.36 (KHTML, like Gecko) Chrome/91.0.4472.124 Safari/537.36"
234.64.215.204,31/Jul/2024:15:20:55,PUT /login HTTP/2.0,403,4933,https://www.google.com,Mozilla/5.0 (Windows NT 10.0; Win64; x64; rv:89.0) Gecko/20100101 Firefox/89.0
105.79.19.162,15/Jul/2024:01:43:00,GET /signup HTTP/1.1,404,2699,https://www.bing.com,"Mozilla/5.0 (Windows NT 10.0; Win64; x64) AppleWebKit/537.36 (KHTML, like Gecko) Chrome/91.0.4472.124 Safari/537.36"
60.170.79.218,05/Aug/2024:23:07:58,GET /about HTTP/1.1,301,3281,https://www.bing.com,"Mozilla/5.0 (iPhone; CPU iPhone OS 14_6 like Mac OS X) AppleWebKit/605.1.15 (KHTML, like Gecko) Version/14.1.1 Mobile/15E148 Safari/604.1"
29.237.163.198,14/Jul/2024:23:52:33,POST /about HTTP/1.0,200,760,https://www.linkedin.com,"Mozilla/5.0 (iPhone; CPU iPhone OS 14_6 like Mac OS X) AppleWebKit/605.1.15 (KHTML, like Gecko) Version/14.1.1 Mobile/15E148 Safari/604.1"
150.186.218.120,06/Aug/2024:17:43:05,GET /home HTTP/1.0,400,3609,https://www.google.com,"Mozilla/5.0 (Windows NT 10.0; Win64; x64) AppleWebKit/537.36 (KHTML, like Gecko) Edge/91.0.864.59"
169.48.241.6,23/Jul/2024:12:58:05,DELETE /signup HTTP/1.1,403,3142,https://www.twitter.com,"Mozilla/5.0 (Macintosh; Intel Mac OS X 10_15_7) AppleWebKit/537.36 (KHTML, like Gecko) Chrome/91.0.4472.114 Safari/537.36"
252.215.6.119,09/Aug/2024:02:48:55,GET /blog HTTP/1.1,404,1337,https://www.facebook.com,"Mozilla/5.0 (Macintosh; Intel Mac OS X 10_15_7) AppleWebKit/537.36 (KHTML, like Gecko) Chrome/91.0.4472.114 Safari/537.36"
101.183.132.230,21/Jul/2024:19:49:20,POST /signup HTTP/2.0,403,3442,-,Mozilla/5.0 (Windows NT 10.0; Win64; x64; rv:89.0) Gecko/20100101 Firefox/89.0
183.126.74.140,28/Jul/2024:06:15:31,POST /about HTTP/1.0,400,3456,https://www.twitter.com,"Mozilla/5.0 (Macintosh; Intel Mac OS X 10_15_7) AppleWebKit/537.36 (KHTML, like Gecko) Chrome/91.0.4472.114 Safari/537.36"
109.169.176.138,04/Aug/2024:07:57:39,GET /about HTTP/2.0,200,1721,https://www.google.com,"Mozilla/5.0 (Macintosh; Intel Mac OS X 10_15_7) AppleWebKit/537.36 (KHTML, like Gecko) Chrome/91.0.4472.114 Safari/537.36"
77.210.135.147,29/Jul/2024:08:04:23,GET /home HTTP/1.1,500,755,https://www.facebook.com,"Mozilla/5.0 (iPhone; CPU iPhone OS 14_6 like Mac OS X) AppleWebKit/605.1.15 (KHTML, like Gecko) Version/14.1.1 Mobile/15E148 Safari/604.1"
246.29.9.11,02/Aug/2024:12:56:20,POST /contact HTTP/1.0,404,4783,https://www.twitter.com,"Mozilla/5.0 (iPhone; CPU iPhone OS 14_6 like Mac OS X) AppleWebKit/605.1.15 (KHTML, like Gecko) Version/14.1.1 Mobile/15E148 Safari/604.1"
176.79.143.5,14/Jul/2024:02:22:09,GET /about HTTP/1.1,500,2616,https://www.bing.com,Mozilla/5.0 (X11; Ubuntu; Linux x86_64; rv:89.0) Gecko/20100101 Firefox/89.0
246.46.85.173,02/Aug/2024:07:50:22,DELETE /signup HTTP/1.0,500,3798,https://www.facebook.com,"Mozilla/5.0 (Windows NT 10.0; Win64; x64) AppleWebKit/537.36 (KHTML, like Gecko) Chrome/91.0.4472.124 Safari/537.36"
127.91.30.189,09/Aug/2024:07:55:00,PUT /signup HTTP/1.1,404,1819,https://www.facebook.com,Mozilla/5.0 (Windows NT 10.0; Win64; x64; rv:89.0) Gecko/20100101 Firefox/89.0
120.254.6.150,25/Jul/2024:05:23:19,POST /contact HTTP/2.0,404,2756,https://www.linkedin.com,Mozilla/5.0 (X11; Ubuntu; Linux x86_64; rv:89.0) Gecko/20100101 Firefox/89.0
52.128.61.14,09/Aug/2024:07:32:18,PUT /about HTTP/2.0,403,3779,https://www.bing.com,"Mozilla/5.0 (iPhone; CPU iPhone OS 14_6 like Mac OS X) AppleWebKit/605.1.15 (KHTML, like Gecko) Version/14.1.1 Mobile/15E148 Safari/604.1"
50.190.117.248,08/Aug/2024:03:55:00,DELETE /contact HTTP/2.0,404,4108,https://www.bing.com,Mozilla/5.0 (Windows NT 10.0; Win64; x64; rv:89.0) Gecko/20100101 Firefox/89.0
137.211.33.72,09/Aug/2024:18:04:38,GET /login HTTP/2.0,403,612,https://www.twitter.com,"Mozilla/5.0 (iPhone; CPU iPhone OS 14_6 like Mac OS X) AppleWebKit/605.1.15 (KHTML, like Gecko) Version/14.1.1 Mobile/15E148 Safari/604.1"
26.140.150.81,05/Aug/2024:18:07:40,PUT /products HTTP/1.0,403,2000,https://www.facebook.com,"Mozilla/5.0 (iPhone; CPU iPhone OS 14_6 like Mac OS X) AppleWebKit/605.1.15 (KHTML, like Gecko) Version/14.1.1 Mobile/15E148 Safari/604.1"
153.87.132.154,23/Jul/2024:11:49:23,DELETE /home HTTP/2.0,404,836,https://www.bing.com,"Mozilla/5.0 (Macintosh; Intel Mac OS X 10_15_7) AppleWebKit/537.36 (KHTML, like Gecko) Chrome/91.0.4472.114 Safari/537.36"
209.109.229.39,16/Jul/2024:11:18:30,GET /about HTTP/1.0,403,213,https://www.facebook.com,"Mozilla/5.0 (Macintosh; Intel Mac OS X 10_15_7) AppleWebKit/537.36 (KHTML, like Gecko) Chrome/91.0.4472.114 Safari/537.36"
195.244.224.184,26/Jul/2024:01:50:59,GET /signup HTTP/2.0,502,245,-,Mozilla/5.0 (X11; Ubuntu; Linux x86_64; rv:89.0) Gecko/20100101 Firefox/89.0
129.38.116.210,20/Jul/2024:07:35:54,GET /about HTTP/1.0,200,4664,https://www.bing.com,Mozilla/5.0 (X11; Ubuntu; Linux x86_64; rv:89.0) Gecko/20100101 Firefox/89.0
25.171.135.144,22/Jul/2024:16:33:10,DELETE /home HTTP/2.0,400,266,https://www.linkedin.com,"Mozilla/5.0 (Windows NT 10.0; Win64; x64) AppleWebKit/537.36 (KHTML, like Gecko) Edge/91.0.864.59"
114.201.110.139,20/Jul/2024:00:29:56,POST /about HTTP/1.0,400,3968,https://www.twitter.com,Mozilla/5.0 (Windows NT 10.0; Win64; x64; rv:89.0) Gecko/20100101 Firefox/89.0
61.61.158.21,30/Jul/2024:12:33:08,GET /about HTTP/1.1,500,3731,-,"Mozilla/5.0 (iPhone; CPU iPhone OS 14_6 like Mac OS X) AppleWebKit/605.1.15 (KHTML, like Gecko) Version/14.1.1 Mobile/15E148 Safari/604.1"
243.193.250.213,19/Jul/2024:10:36:18,POST /home HTTP/1.0,200,2460,https://www.facebook.com,"Mozilla/5.0 (Windows NT 10.0; Win64; x64) AppleWebKit/537.36 (KHTML, like Gecko) Edge/91.0.864.59"
160.25.119.19,15/Jul/2024:08:11:14,DELETE /blog HTTP/2.0,403,4054,https://www.bing.com,"Mozilla/5.0 (Macintosh; Intel Mac OS X 10_15_7) AppleWebKit/537.36 (KHTML, like Gecko) Chrome/91.0.4472.114 Safari/537.36"
2.87.211.230,10/Aug/2024:19:15:17,GET /products HTTP/2.0,403,1985,-,"Mozilla/5.0 (Macintosh; Intel Mac OS X 10_15_7) AppleWebKit/537.36 (KHTML, like Gecko) Chrome/91.0.4472.114 Safari/537.36"
47.180.50.212,09/Aug/2024:22:46:44,POST /home HTTP/1.0,301,1330,https://www.facebook.com,"Mozilla/5.0 (Windows NT 10.0; Win64; x64) AppleWebKit/537.36 (KHTML, like Gecko) Edge/91.0.864.59"
243.240.174.167,07/Aug/2024:07:03:33,DELETE /products HTTP/1.0,200,2440,https://www.facebook.com,Mozilla/5.0 (X11; Ubuntu; Linux x86_64; rv:89.0) Gecko/20100101 Firefox/89.0
36.22.251.208,06/Aug/2024:13:13:20,GET /login HTTP/1.1,200,3431,-,"Mozilla/5.0 (Windows NT 10.0; Win64; x64) AppleWebKit/537.36 (KHTML, like Gecko) Chrome/91.0.4472.124 Safari/537.36"
202.15.179.137,08/Aug/2024:11:15:18,GET /contact HTTP/1.1,403,1450,https://www.twitter.com,Mozilla/5.0 (X11; Ubuntu; Linux x86_64; rv:89.0) Gecko/20100101 Firefox/89.0
79.232.87.110,10/Aug/2024:19:57:06,GET /home HTTP/1.0,404,1020,https://www.facebook.com,Mozilla/5.0 (X11; Ubuntu; Linux x86_64; rv:89.0) Gecko/20100101 Firefox/89.0
117.10.21.179,12/Jul/2024:16:06:05,PUT /home HTTP/2.0,200,1671,https://www.google.com,"Mozilla/5.0 (Macintosh; Intel Mac OS X 10_15_7) AppleWebKit/537.36 (KHTML, like Gecko) Chrome/91.0.4472.114 Safari/537.36"
38.199.85.56,19/Jul/2024:12:31:58,DELETE /about HTTP/2.0,301,3583,https://www.bing.com,"Mozilla/5.0 (Windows NT 10.0; Win64; x64) AppleWebKit/537.36 (KHTML, like Gecko) Edge/91.0.864.59"
237.247.84.177,30/Jul/2024:14:10:55,PUT /blog HTTP/1.1,400,3299,-,"Mozilla/5.0 (Windows NT 10.0; Win64; x64) AppleWebKit/537.36 (KHTML, like Gecko) Chrome/91.0.4472.124 Safari/537.36"
215.108.247.206,07/Aug/2024:02:54:38,GET /signup HTTP/1.1,404,505,https://www.twitter.com,"Mozilla/5.0 (Macintosh; Intel Mac OS X 10_15_7) AppleWebKit/537.36 (KHTML, like Gecko) Chrome/91.0.4472.114 Safari/537.36"
180.181.245.165,21/Jul/2024:09:36:27,DELETE /login HTTP/1.0,500,2580,https://www.linkedin.com,"Mozilla/5.0 (Macintosh; Intel Mac OS X 10_15_7) AppleWebKit/537.36 (KHTML, like Gecko) Chrome/91.0.4472.114 Safari/537.36"
111.184.4.75,02/Aug/2024:22:24:29,POST /login HTTP/1.1,301,611,https://www.facebook.com,Mozilla/5.0 (X11; Ubuntu; Linux x86_64; rv:89.0) Gecko/20100101 Firefox/89.0
241.209.176.61,04/Aug/2024:07:56:47,PUT /login HTTP/1.0,301,2145,https://www.twitter.com,Mozilla/5.0 (Windows NT 10.0; Win64; x64; rv:89.0) Gecko/20100101 Firefox/89.0
32.84.34.22,01/Aug/2024:09:24:32,PUT /contact HTTP/1.0,200,1101,https://www.linkedin.com,"Mozilla/5.0 (iPhone; CPU iPhone OS 14_6 like Mac OS X) AppleWebKit/605.1.15 (KHTML, like Gecko) Version/14.1.1 Mobile/15E148 Safari/604.1"
236.6.237.128,11/Aug/2024:01:19:49,PUT /login HTTP/1.1,200,4543,https://www.linkedin.com,"Mozilla/5.0 (Windows NT 10.0; Win64; x64) AppleWebKit/537.36 (KHTML, like Gecko) Chrome/91.0.4472.124 Safari/537.36"
21.13.39.155,16/Jul/2024:03:00:15,PUT /products HTTP/1.0,301,2628,https://www.twitter.com,Mozilla/5.0 (X11; Ubuntu; Linux x86_64; rv:89.0) Gecko/20100101 Firefox/89.0
191.99.87.212,13/Jul/2024:20:24:44,DELETE /home HTTP/1.1,200,4333,https://www.linkedin.com,"Mozilla/5.0 (Macintosh; Intel Mac OS X 10_15_7) AppleWebKit/537.36 (KHTML, like Gecko) Chrome/91.0.4472.114 Safari/537.36"
216.165.54.83,26/Jul/2024:00:19:04,DELETE /about HTTP/1.0,403,3222,https://www.twitter.com,"Mozilla/5.0 (iPhone; CPU iPhone OS 14_6 like Mac OS X) AppleWebKit/605.1.15 (KHTML, like Gecko) Version/14.1.1 Mobile/15E148 Safari/604.1"
3.98.185.9,22/Jul/2024:08:05:15,GET /blog HTTP/1.1,403,884,https://www.google.com,"Mozilla/5.0 (Windows NT 10.0; Win64; x64) AppleWebKit/537.36 (KHTML, like Gecko) Edge/91.0.864.59"
210.85.4.211,17/Jul/2024:05:48:12,GET /products HTTP/1.0,403,2317,https://www.bing.com,"Mozilla/5.0 (Macintosh; Intel Mac OS X 10_15_7) AppleWebKit/537.36 (KHTML, like Gecko) Chrome/91.0.4472.114 Safari/537.36"
28.167.107.89,27/Jul/2024:09:41:22,DELETE /signup HTTP/2.0,200,2173,https://www.twitter.com,"Mozilla/5.0 (Windows NT 10.0; Win64; x64) AppleWebKit/537.36 (KHTML, like Gecko) Chrome/91.0.4472.124 Safari/537.36"
2.199.179.103,09/Aug/2024:04:27:38,GET /login HTTP/1.1,502,1714,https://www.linkedin.com,"Mozilla/5.0 (iPhone; CPU iPhone OS 14_6 like Mac OS X) AppleWebKit/605.1.15 (KHTML, like Gecko) Version/14.1.1 Mobile/15E148 Safari/604.1"
17.109.47.11,25/Jul/2024:18:22:03,POST /blog HTTP/1.0,403,2853,-,Mozilla/5.0 (X11; Ubuntu; Linux x86_64; rv:89.0) Gecko/20100101 Firefox/89.0
218.238.184.137,13/Jul/2024:05:36:27,DELETE /products HTTP/1.0,400,3751,https://www.bing.com,"Mozilla/5.0 (iPhone; CPU iPhone OS 14_6 like Mac OS X) AppleWebKit/605.1.15 (KHTML, like Gecko) Version/14.1.1 Mobile/15E148 Safari/604.1"
15.140.80.50,06/Aug/2024:16:17:12,PUT /signup HTTP/2.0,301,3350,https://www.twitter.com,"Mozilla/5.0 (Windows NT 10.0; Win64; x64) AppleWebKit/537.36 (KHTML, like Gecko) Edge/91.0.864.59"
93.65.74.194,17/Jul/2024:12:21:55,POST /signup HTTP/1.0,400,3814,https://www.twitter.com,Mozilla/5.0 (X11; Ubuntu; Linux x86_64; rv:89.0) Gecko/20100101 Firefox/89.0
167.183.212.123,24/Jul/2024:12:53:53,PUT /signup HTTP/1.1,500,2177,https://www.google.com,"Mozilla/5.0 (Windows NT 10.0; Win64; x64) AppleWebKit/537.36 (KHTML, like Gecko) Edge/91.0.864.59"
34.33.48.217,20/Jul/2024:02:55:00,PUT /blog HTTP/2.0,500,4583,https://www.facebook.com,"Mozilla/5.0 (Macintosh; Intel Mac OS X 10_15_7) AppleWebKit/537.36 (KHTML, like Gecko) Chrome/91.0.4472.114 Safari/537.36"
245.224.243.141,12/Jul/2024:22:23:08,DELETE /products HTTP/2.0,400,4305,-,Mozilla/5.0 (X11; Ubuntu; Linux x86_64; rv:89.0) Gecko/20100101 Firefox/89.0
35.103.96.69,10/Aug/2024:18:41:30,GET /contact HTTP/1.1,403,943,https://www.facebook.com,Mozilla/5.0 (X11; Ubuntu; Linux x86_64; rv:89.0) Gecko/20100101 Firefox/89.0
32.221.226.71,08/Aug/2024:04:08:54,POST /home HTTP/2.0,502,449,https://www.facebook.com,Mozilla/5.0 (X11; Ubuntu; Linux x86_64; rv:89.0) Gecko/20100101 Firefox/89.0
121.90.83.96,17/Jul/2024:18:31:53,PUT /home HTTP/2.0,403,3514,https://www.linkedin.com,Mozilla/5.0 (X11; Ubuntu; Linux x86_64; rv:89.0) Gecko/20100101 Firefox/89.0
35.121.83.73,10/Aug/2024:02:54:30,GET /contact HTTP/1.0,200,405,https://www.google.com,"Mozilla/5.0 (Windows NT 10.0; Win64; x64) AppleWebKit/537.36 (KHTML, like Gecko) Chrome/91.0.4472.124 Safari/537.36"
153.251.77.172,08/Aug/2024:16:32:34,GET /about HTTP/1.1,500,1405,https://www.google.com,"Mozilla/5.0 (Windows NT 10.0; Win64; x64) AppleWebKit/537.36 (KHTML, like Gecko) Chrome/91.0.4472.124 Safari/537.36"
170.240.212.49,18/Jul/2024:11:37:37,GET /blog HTTP/1.0,404,4515,https://www.bing.com,"Mozilla/5.0 (Windows NT 10.0; Win64; x64) AppleWebKit/537.36 (KHTML, like Gecko) Chrome/91.0.4472.124 Safari/537.36"
116.101.123.82,25/Jul/2024:19:13:02,GET /signup HTTP/1.1,200,4819,https://www.bing.com,"Mozilla/5.0 (Macintosh; Intel Mac OS X 10_15_7) AppleWebKit/537.36 (KHTML, like Gecko) Chrome/91.0.4472.114 Safari/537.36"
232.186.170.187,31/Jul/2024:10:02:58,GET /login HTTP/1.0,502,4250,https://www.google.com,"Mozilla/5.0 (Windows NT 10.0; Win64; x64) AppleWebKit/537.36 (KHTML, like Gecko) Chrome/91.0.4472.124 Safari/537.36"
30.129.128.118,03/Aug/2024:23:53:45,PUT /login HTTP/1.1,502,1498,https://www.bing.com,Mozilla/5.0 (Windows NT 10.0; Win64; x64; rv:89.0) Gecko/20100101 Firefox/89.0
19.100.156.16,31/Jul/2024:09:19:24,GET /login HTTP/1.1,502,585,https://www.twitter.com,"Mozilla/5.0 (iPhone; CPU iPhone OS 14_6 like Mac OS X) AppleWebKit/605.1.15 (KHTML, like Gecko) Version/14.1.1 Mobile/15E148 Safari/604.1"
56.129.99.96,07/Aug/2024:21:58:22,DELETE /about HTTP/2.0,500,3744,https://www.google.com,"Mozilla/5.0 (iPhone; CPU iPhone OS 14_6 like Mac OS X) AppleWebKit/605.1.15 (KHTML, like Gecko) Version/14.1.1 Mobile/15E148 Safari/604.1"
236.183.24.145,23/Jul/2024:16:06:53,DELETE /signup HTTP/1.1,404,588,https://www.bing.com,"Mozilla/5.0 (iPhone; CPU iPhone OS 14_6 like Mac OS X) AppleWebKit/605.1.15 (KHTML, like Gecko) Version/14.1.1 Mobile/15E148 Safari/604.1"
61.90.181.27,03/Aug/2024:03:56:36,PUT /blog HTTP/2.0,500,4755,https://www.google.com,"Mozilla/5.0 (iPhone; CPU iPhone OS 14_6 like Mac OS X) AppleWebKit/605.1.15 (KHTML, like Gecko) Version/14.1.1 Mobile/15E148 Safari/604.1"
81.152.154.38,26/Jul/2024:02:13:06,PUT /blog HTTP/1.0,500,2657,https://www.google.com,"Mozilla/5.0 (Windows NT 10.0; Win64; x64) AppleWebKit/537.36 (KHTML, like Gecko) Chrome/91.0.4472.124 Safari/537.36"
87.65.87.8,22/Jul/2024:08:47:57,PUT /login HTTP/1.1,403,734,-,Mozilla/5.0 (X11; Ubuntu; Linux x86_64; rv:89.0) Gecko/20100101 Firefox/89.0
121.40.54.65,07/Aug/2024:12:58:42,GET /contact HTTP/1.0,400,1290,https://www.linkedin.com,Mozilla/5.0 (X11; Ubuntu; Linux x86_64; rv:89.0) Gecko/20100101 Firefox/89.0
6.225.190.244,09/Aug/2024:21:27:46,GET /contact HTTP/2.0,200,2322,https://www.facebook.com,Mozilla/5.0 (Windows NT 10.0; Win64; x64; rv:89.0) Gecko/20100101 Firefox/89.0
241.47.8.164,24/Jul/2024:21:33:00,DELETE /signup HTTP/1.0,403,3215,https://www.google.com,Mozilla/5.0 (Windows NT 10.0; Win64; x64; rv:89.0) Gecko/20100101 Firefox/89.0
96.197.112.49,21/Jul/2024:06:42:46,POST /blog HTTP/1.1,400,2892,https://www.google.com,"Mozilla/5.0 (iPhone; CPU iPhone OS 14_6 like Mac OS X) AppleWebKit/605.1.15 (KHTML, like Gecko) Version/14.1.1 Mobile/15E148 Safari/604.1"
93.102.64.166,03/Aug/2024:20:55:11,DELETE /login HTTP/2.0,500,1192,https://www.facebook.com,Mozilla/5.0 (Windows NT 10.0; Win64; x64; rv:89.0) Gecko/20100101 Firefox/89.0
132.170.180.108,21/Jul/2024:08:23:21,PUT /about HTTP/1.1,502,1122,https://www.bing.com,"Mozilla/5.0 (Windows NT 10.0; Win64; x64) AppleWebKit/537.36 (KHTML, like Gecko) Chrome/91.0.4472.124 Safari/537.36"
166.69.116.109,21/Jul/2024:15:11:06,GET /login HTTP/1.1,502,1887,https://www.bing.com,"Mozilla/5.0 (Macintosh; Intel Mac OS X 10_15_7) AppleWebKit/537.36 (KHTML, like Gecko) Chrome/91.0.4472.114 Safari/537.36"
201.80.226.42,17/Jul/2024:18:53:24,GET /home HTTP/1.0,400,4597,https://www.facebook.com,"Mozilla/5.0 (Windows NT 10.0; Win64; x64) AppleWebKit/537.36 (KHTML, like Gecko) Chrome/91.0.4472.124 Safari/537.36"
32.109.13.131,19/Jul/2024:19:31:59,GET /login HTTP/1.1,200,4629,https://www.facebook.com,Mozilla/5.0 (Windows NT 10.0; Win64; x64; rv:89.0) Gecko/20100101 Firefox/89.0
39.2.152.202,09/Aug/2024:23:39:59,GET /about HTTP/1.1,400,779,https://www.bing.com,"Mozilla/5.0 (iPhone; CPU iPhone OS 14_6 like Mac OS X) AppleWebKit/605.1.15 (KHTML, like Gecko) Version/14.1.1 Mobile/15E148 Safari/604.1"
211.5.117.88,23/Jul/2024:09:08:17,GET /login HTTP/1.1,404,4241,-,"Mozilla/5.0 (iPhone; CPU iPhone OS 14_6 like Mac OS X) AppleWebKit/605.1.15 (KHTML, like Gecko) Version/14.1.1 Mobile/15E148 Safari/604.1"
220.183.12.83,03/Aug/2024:03:46:59,GET /products HTTP/1.0,502,3435,https://www.google.com,Mozilla/5.0 (X11; Ubuntu; Linux x86_64; rv:89.0) Gecko/20100101 Firefox/89.0
6.201.10.157,22/Jul/2024:12:26:28,DELETE /home HTTP/1.1,404,4649,https://www.google.com,Mozilla/5.0 (X11; Ubuntu; Linux x86_64; rv:89.0) Gecko/20100101 Firefox/89.0
152.30.152.77,08/Aug/2024:04:33:27,GET /login HTTP/2.0,502,979,https://www.linkedin.com,"Mozilla/5.0 (iPhone; CPU iPhone OS 14_6 like Mac OS X) AppleWebKit/605.1.15 (KHTML, like Gecko) Version/14.1.1 Mobile/15E148 Safari/604.1"
200.235.13.195,16/Jul/2024:18:49:31,GET /home HTTP/2.0,200,1864,https://www.facebook.com,Mozilla/5.0 (X11; Ubuntu; Linux x86_64; rv:89.0) Gecko/20100101 Firefox/89.0
184.168.193.221,26/Jul/2024:09:20:48,POST /login HTTP/1.0,500,2299,https://www.twitter.com,Mozilla/5.0 (Windows NT 10.0; Win64; x64; rv:89.0) Gecko/20100101 Firefox/89.0
117.40.227.20,26/Jul/2024:00:40:50,GET /about HTTP/1.0,301,2168,https://www.bing.com,"Mozilla/5.0 (Macintosh; Intel Mac OS X 10_15_7) AppleWebKit/537.36 (KHTML, like Gecko) Chrome/91.0.4472.114 Safari/537.36"
226.59.155.173,15/Jul/2024:02:00:35,POST /blog HTTP/1.1,200,3832,https://www.twitter.com,"Mozilla/5.0 (Windows NT 10.0; Win64; x64) AppleWebKit/537.36 (KHTML, like Gecko) Chrome/91.0.4472.124 Safari/537.36"
165.109.33.30,03/Aug/2024:05:02:52,DELETE /about HTTP/1.0,404,3783,https://www.bing.com,Mozilla/5.0 (Windows NT 10.0; Win64; x64; rv:89.0) Gecko/20100101 Firefox/89.0
189.19.22.84,06/Aug/2024:04:22:38,POST /blog HTTP/1.0,500,1109,-,"Mozilla/5.0 (iPhone; CPU iPhone OS 14_6 like Mac OS X) AppleWebKit/605.1.15 (KHTML, like Gecko) Version/14.1.1 Mobile/15E148 Safari/604.1"
231.172.167.77,25/Jul/2024:11:20:07,GET /home HTTP/1.1,502,2201,https://www.twitter.com,"Mozilla/5.0 (iPhone; CPU iPhone OS 14_6 like Mac OS X) AppleWebKit/605.1.15 (KHTML, like Gecko) Version/14.1.1 Mobile/15E148 Safari/604.1"
34.150.123.167,29/Jul/2024:10:56:37,GET /home HTTP/1.0,404,744,https://www.linkedin.com,Mozilla/5.0 (Windows NT 10.0; Win64; x64; rv:89.0) Gecko/20100101 Firefox/89.0
143.239.242.138,18/Jul/2024:07:42:27,POST /signup HTTP/1.0,301,2150,https://www.bing.com,Mozilla/5.0 (X11; Ubuntu; Linux x86_64; rv:89.0) Gecko/20100101 Firefox/89.0
105.73.159.144,23/Jul/2024:09:05:12,POST /home HTTP/1.1,403,1045,https://www.linkedin.com,Mozilla/5.0 (Windows NT 10.0; Win64; x64; rv:89.0) Gecko/20100101 Firefox/89.0
142.207.11.34,15/Jul/2024:07:09:55,PUT /signup HTTP/2.0,301,885,https://www.twitter.com,"Mozilla/5.0 (Macintosh; Intel Mac OS X 10_15_7) AppleWebKit/537.36 (KHTML, like Gecko) Chrome/91.0.4472.114 Safari/537.36"
245.166.254.136,22/Jul/2024:09:20:12,DELETE /home HTTP/1.0,400,684,https://www.facebook.com,"Mozilla/5.0 (iPhone; CPU iPhone OS 14_6 like Mac OS X) AppleWebKit/605.1.15 (KHTML, like Gecko) Version/14.1.1 Mobile/15E148 Safari/604.1"
142.236.167.248,06/Aug/2024:19:21:53,DELETE /login HTTP/2.0,200,3992,https://www.linkedin.com,"Mozilla/5.0 (Windows NT 10.0; Win64; x64) AppleWebKit/537.36 (KHTML, like Gecko) Edge/91.0.864.59"
211.225.210.113,20/Jul/2024:13:28:48,GET /signup HTTP/1.1,301,3790,https://www.linkedin.com,Mozilla/5.0 (Windows NT 10.0; Win64; x64; rv:89.0) Gecko/20100101 Firefox/89.0
86.142.89.151,30/Jul/2024:04:18:42,GET /about HTTP/2.0,301,634,https://www.facebook.com,Mozilla/5.0 (Windows NT 10.0; Win64; x64; rv:89.0) Gecko/20100101 Firefox/89.0
233.87.90.151,15/Jul/2024:01:00:00,DELETE /products HTTP/2.0,400,4588,-,"Mozilla/5.0 (Windows NT 10.0; Win64; x64) AppleWebKit/537.36 (KHTML, like Gecko) Chrome/91.0.4472.124 Safari/537.36"
50.39.100.185,28/Jul/2024:17:17:28,DELETE /blog HTTP/2.0,502,4466,https://www.facebook.com,"Mozilla/5.0 (Windows NT 10.0; Win64; x64) AppleWebKit/537.36 (KHTML, like Gecko) Edge/91.0.864.59"
75.141.145.234,28/Jul/2024:04:40:35,DELETE /blog HTTP/1.1,301,4549,https://www.linkedin.com,"Mozilla/5.0 (Windows NT 10.0; Win64; x64) AppleWebKit/537.36 (KHTML, like Gecko) Chrome/91.0.4472.124 Safari/537.36"
192.170.163.117,13/Jul/2024:05:13:40,PUT /about HTTP/1.0,301,2546,-,Mozilla/5.0 (X11; Ubuntu; Linux x86_64; rv:89.0) Gecko/20100101 Firefox/89.0
188.236.46.201,09/Aug/2024:21:10:31,DELETE /blog HTTP/1.0,403,415,https://www.bing.com,"Mozilla/5.0 (Windows NT 10.0; Win64; x64) AppleWebKit/537.36 (KHTML, like Gecko) Chrome/91.0.4472.124 Safari/537.36"
135.42.62.104,06/Aug/2024:23:30:47,POST /contact HTTP/1.1,200,3831,https://www.google.com,Mozilla/5.0 (Windows NT 10.0; Win64; x64; rv:89.0) Gecko/20100101 Firefox/89.0
91.245.82.48,01/Aug/2024:18:47:50,PUT /home HTTP/1.0,400,2889,https://www.twitter.com,Mozilla/5.0 (X11; Ubuntu; Linux x86_64; rv:89.0) Gecko/20100101 Firefox/89.0
77.27.86.216,19/Jul/2024:06:59:03,GET /products HTTP/1.1,500,3286,https://www.twitter.com,"Mozilla/5.0 (Macintosh; Intel Mac OS X 10_15_7) AppleWebKit/537.36 (KHTML, like Gecko) Chrome/91.0.4472.114 Safari/537.36"
25.243.62.175,28/Jul/2024:10:45:38,PUT /blog HTTP/1.1,301,2460,-,"Mozilla/5.0 (Macintosh; Intel Mac OS X 10_15_7) AppleWebKit/537.36 (KHTML, like Gecko) Chrome/91.0.4472.114 Safari/537.36"
190.97.29.1,10/Aug/2024:04:31:21,PUT /contact HTTP/2.0,403,4877,-,"Mozilla/5.0 (Windows NT 10.0; Win64; x64) AppleWebKit/537.36 (KHTML, like Gecko) Edge/91.0.864.59"
112.76.190.76,17/Jul/2024:20:17:35,DELETE /about HTTP/1.1,200,1755,https://www.linkedin.com,"Mozilla/5.0 (Windows NT 10.0; Win64; x64) AppleWebKit/537.36 (KHTML, like Gecko) Edge/91.0.864.59"
38.215.80.245,17/Jul/2024:13:05:48,GET /login HTTP/1.0,502,3565,https://www.linkedin.com,"Mozilla/5.0 (Windows NT 10.0; Win64; x64) AppleWebKit/537.36 (KHTML, like Gecko) Edge/91.0.864.59"
128.78.47.122,15/Jul/2024:09:26:54,DELETE /products HTTP/1.0,502,243,https://www.twitter.com,"Mozilla/5.0 (iPhone; CPU iPhone OS 14_6 like Mac OS X) AppleWebKit/605.1.15 (KHTML, like Gecko) Version/14.1.1 Mobile/15E148 Safari/604.1"
189.167.203.116,09/Aug/2024:05:12:33,POST /home HTTP/1.0,502,1083,https://www.google.com,"Mozilla/5.0 (iPhone; CPU iPhone OS 14_6 like Mac OS X) AppleWebKit/605.1.15 (KHTML, like Gecko) Version/14.1.1 Mobile/15E148 Safari/604.1"
234.51.31.254,18/Jul/2024:23:35:14,GET /login HTTP/1.1,301,945,https://www.facebook.com,Mozilla/5.0 (X11; Ubuntu; Linux x86_64; rv:89.0) Gecko/20100101 Firefox/89.0
151.134.95.107,07/Aug/2024:11:05:59,GET /blog HTTP/1.1,400,3448,https://www.google.com,"Mozilla/5.0 (iPhone; CPU iPhone OS 14_6 like Mac OS X) AppleWebKit/605.1.15 (KHTML, like Gecko) Version/14.1.1 Mobile/15E148 Safari/604.1"
243.223.14.240,28/Jul/2024:16:08:54,DELETE /signup HTTP/1.1,400,2078,https://www.linkedin.com,"Mozilla/5.0 (Windows NT 10.0; Win64; x64) AppleWebKit/537.36 (KHTML, like Gecko) Edge/91.0.864.59"
104.48.63.167,14/Jul/2024:11:10:05,PUT /home HTTP/1.0,301,2790,https://www.google.com,"Mozilla/5.0 (Macintosh; Intel Mac OS X 10_15_7) AppleWebKit/537.36 (KHTML, like Gecko) Chrome/91.0.4472.114 Safari/537.36"
134.181.30.60,11/Aug/2024:12:26:47,PUT /blog HTTP/1.1,404,1526,https://www.bing.com,"Mozilla/5.0 (iPhone; CPU iPhone OS 14_6 like Mac OS X) AppleWebKit/605.1.15 (KHTML, like Gecko) Version/14.1.1 Mobile/15E148 Safari/604.1"
165.124.158.172,01/Aug/2024:08:26:18,DELETE /home HTTP/1.0,403,4357,https://www.facebook.com,"Mozilla/5.0 (Windows NT 10.0; Win64; x64) AppleWebKit/537.36 (KHTML, like Gecko) Edge/91.0.864.59"
236.63.193.135,30/Jul/2024:16:28:13,PUT /signup HTTP/2.0,500,237,https://www.linkedin.com,Mozilla/5.0 (X11; Ubuntu; Linux x86_64; rv:89.0) Gecko/20100101 Firefox/89.0
185.12.201.65,10/Aug/2024:12:22:59,POST /contact HTTP/1.1,301,1102,https://www.facebook.com,"Mozilla/5.0 (Windows NT 10.0; Win64; x64) AppleWebKit/537.36 (KHTML, like Gecko) Edge/91.0.864.59"
239.158.163.39,01/Aug/2024:01:34:05,PUT /blog HTTP/1.0,400,3300,https://www.twitter.com,"Mozilla/5.0 (Windows NT 10.0; Win64; x64) AppleWebKit/537.36 (KHTML, like Gecko) Edge/91.0.864.59"
173.211.213.10,03/Aug/2024:00:50:35,GET /home HTTP/2.0,400,4694,https://www.facebook.com,"Mozilla/5.0 (Macintosh; Intel Mac OS X 10_15_7) AppleWebKit/537.36 (KHTML, like Gecko) Chrome/91.0.4472.114 Safari/537.36"
96.24.73.105,10/Aug/2024:06:44:01,GET /about HTTP/2.0,200,990,https://www.bing.com,Mozilla/5.0 (Windows NT 10.0; Win64; x64; rv:89.0) Gecko/20100101 Firefox/89.0
245.172.28.224,06/Aug/2024:12:14:59,POST /login HTTP/2.0,404,1678,https://www.twitter.com,Mozilla/5.0 (Windows NT 10.0; Win64; x64; rv:89.0) Gecko/20100101 Firefox/89.0
182.118.39.209,16/Jul/2024:18:21:37,POST /blog HTTP/1.1,400,4866,https://www.linkedin.com,"Mozilla/5.0 (Macintosh; Intel Mac OS X 10_15_7) AppleWebKit/537.36 (KHTML, like Gecko) Chrome/91.0.4472.114 Safari/537.36"
155.41.163.241,27/Jul/2024:20:40:35,POST /blog HTTP/1.0,403,624,https://www.twitter.com,Mozilla/5.0 (X11; Ubuntu; Linux x86_64; rv:89.0) Gecko/20100101 Firefox/89.0
40.38.204.229,13/Jul/2024:01:23:03,DELETE /contact HTTP/2.0,301,4434,https://www.linkedin.com,"Mozilla/5.0 (Macintosh; Intel Mac OS X 10_15_7) AppleWebKit/537.36 (KHTML, like Gecko) Chrome/91.0.4472.114 Safari/537.36"
242.136.40.54,22/Jul/2024:14:21:33,DELETE /home HTTP/1.0,400,1777,https://www.linkedin.com,"Mozilla/5.0 (iPhone; CPU iPhone OS 14_6 like Mac OS X) AppleWebKit/605.1.15 (KHTML, like Gecko) Version/14.1.1 Mobile/15E148 Safari/604.1"
208.78.228.41,18/Jul/2024:06:07:52,PUT /products HTTP/1.0,301,3593,https://www.google.com,"Mozilla/5.0 (Macintosh; Intel Mac OS X 10_15_7) AppleWebKit/537.36 (KHTML, like Gecko) Chrome/91.0.4472.114 Safari/537.36"
217.73.27.178,01/Aug/2024:20:36:21,POST /products HTTP/1.1,403,2132,-,"Mozilla/5.0 (Macintosh; Intel Mac OS X 10_15_7) AppleWebKit/537.36 (KHTML, like Gecko) Chrome/91.0.4472.114 Safari/537.36"
74.7.107.183,29/Jul/2024:04:06:05,GET /signup HTTP/1.0,500,2483,-,"Mozilla/5.0 (Windows NT 10.0; Win64; x64) AppleWebKit/537.36 (KHTML, like Gecko) Chrome/91.0.4472.124 Safari/537.36"
126.36.172.147,08/Aug/2024:16:16:45,GET /home HTTP/1.1,404,1109,https://www.google.com,"Mozilla/5.0 (Windows NT 10.0; Win64; x64) AppleWebKit/537.36 (KHTML, like Gecko) Edge/91.0.864.59"
194.132.4.116,06/Aug/2024:08:36:09,GET /home HTTP/1.0,400,895,https://www.facebook.com,Mozilla/5.0 (Windows NT 10.0; Win64; x64; rv:89.0) Gecko/20100101 Firefox/89.0
199.218.169.6,27/Jul/2024:22:22:47,DELETE /products HTTP/2.0,502,2776,-,"Mozilla/5.0 (iPhone; CPU iPhone OS 14_6 like Mac OS X) AppleWebKit/605.1.15 (KHTML, like Gecko) Version/14.1.1 Mobile/15E148 Safari/604.1"
73.125.86.105,22/Jul/2024:12:15:03,GET /blog HTTP/1.0,502,2620,https://www.google.com,Mozilla/5.0 (X11; Ubuntu; Linux x86_64; rv:89.0) Gecko/20100101 Firefox/89.0
179.167.219.87,14/Jul/2024:17:18:26,POST /home HTTP/1.0,502,2931,https://www.linkedin.com,"Mozilla/5.0 (Windows NT 10.0; Win64; x64) AppleWebKit/537.36 (KHTML, like Gecko) Chrome/91.0.4472.124 Safari/537.36"
63.27.79.147,05/Aug/2024:13:00:29,GET /home HTTP/1.1,400,1000,https://www.bing.com,"Mozilla/5.0 (iPhone; CPU iPhone OS 14_6 like Mac OS X) AppleWebKit/605.1.15 (KHTML, like Gecko) Version/14.1.1 Mobile/15E148 Safari/604.1"
173.199.26.94,06/Aug/2024:09:31:17,GET /blog HTTP/2.0,404,3692,https://www.linkedin.com,"Mozilla/5.0 (Windows NT 10.0; Win64; x64) AppleWebKit/537.36 (KHTML, like Gecko) Edge/91.0.864.59"
66.143.6.250,04/Aug/2024:08:32:44,PUT /products HTTP/1.1,403,920,-,"Mozilla/5.0 (iPhone; CPU iPhone OS 14_6 like Mac OS X) AppleWebKit/605.1.15 (KHTML, like Gecko) Version/14.1.1 Mobile/15E148 Safari/604.1"
21.119.137.198,30/Jul/2024:14:51:13,PUT /signup HTTP/1.0,500,4904,https://www.google.com,"Mozilla/5.0 (iPhone; CPU iPhone OS 14_6 like Mac OS X) AppleWebKit/605.1.15 (KHTML, like Gecko) Version/14.1.1 Mobile/15E148 Safari/604.1"
194.106.176.69,11/Aug/2024:06:55:50,POST /about HTTP/1.0,404,4098,https://www.google.com,"Mozilla/5.0 (iPhone; CPU iPhone OS 14_6 like Mac OS X) AppleWebKit/605.1.15 (KHTML, like Gecko) Version/14.1.1 Mobile/15E148 Safari/604.1"
160.228.19.119,28/Jul/2024:01:40:34,GET /home HTTP/1.0,301,3213,https://www.twitter.com,Mozilla/5.0 (Windows NT 10.0; Win64; x64; rv:89.0) Gecko/20100101 Firefox/89.0
217.161.54.171,10/Aug/2024:11:08:54,PUT /blog HTTP/2.0,403,1895,-,"Mozilla/5.0 (iPhone; CPU iPhone OS 14_6 like Mac OS X) AppleWebKit/605.1.15 (KHTML, like Gecko) Version/14.1.1 Mobile/15E148 Safari/604.1"
60.241.162.241,16/Jul/2024:08:07:22,POST /home HTTP/1.0,200,4802,-,"Mozilla/5.0 (Windows NT 10.0; Win64; x64) AppleWebKit/537.36 (KHTML, like Gecko) Edge/91.0.864.59"
61.93.197.67,06/Aug/2024:22:57:55,DELETE /contact HTTP/1.0,500,2195,-,"Mozilla/5.0 (iPhone; CPU iPhone OS 14_6 like Mac OS X) AppleWebKit/605.1.15 (KHTML, like Gecko) Version/14.1.1 Mobile/15E148 Safari/604.1"
128.202.94.99,12/Jul/2024:14:37:04,PUT /about HTTP/1.1,403,486,https://www.google.com,"Mozilla/5.0 (iPhone; CPU iPhone OS 14_6 like Mac OS X) AppleWebKit/605.1.15 (KHTML, like Gecko) Version/14.1.1 Mobile/15E148 Safari/604.1"
157.7.194.254,04/Aug/2024:01:38:28,DELETE /contact HTTP/1.0,404,3465,https://www.linkedin.com,"Mozilla/5.0 (iPhone; CPU iPhone OS 14_6 like Mac OS X) AppleWebKit/605.1.15 (KHTML, like Gecko) Version/14.1.1 Mobile/15E148 Safari/604.1"
166.18.166.65,02/Aug/2024:03:37:03,DELETE /signup HTTP/2.0,502,4004,https://www.linkedin.com,"Mozilla/5.0 (Macintosh; Intel Mac OS X 10_15_7) AppleWebKit/537.36 (KHTML, like Gecko) Chrome/91.0.4472.114 Safari/537.36"
250.3.143.225,06/Aug/2024:09:05:03,GET /login HTTP/2.0,500,4916,https://www.linkedin.com,"Mozilla/5.0 (Macintosh; Intel Mac OS X 10_15_7) AppleWebKit/537.36 (KHTML, like Gecko) Chrome/91.0.4472.114 Safari/537.36"
161.213.93.209,18/Jul/2024:11:30:54,POST /products HTTP/1.1,403,4102,https://www.linkedin.com,Mozilla/5.0 (Windows NT 10.0; Win64; x64; rv:89.0) Gecko/20100101 Firefox/89.0
108.159.146.200,01/Aug/2024:04:47:21,DELETE /login HTTP/1.1,404,1397,https://www.bing.com,"Mozilla/5.0 (Windows NT 10.0; Win64; x64) AppleWebKit/537.36 (KHTML, like Gecko) Chrome/91.0.4472.124 Safari/537.36"
46.62.235.178,25/Jul/2024:09:23:13,GET /signup HTTP/2.0,301,598,-,"Mozilla/5.0 (Windows NT 10.0; Win64; x64) AppleWebKit/537.36 (KHTML, like Gecko) Chrome/91.0.4472.124 Safari/537.36"
113.163.81.237,25/Jul/2024:10:45:25,POST /products HTTP/1.0,200,4928,https://www.bing.com,"Mozilla/5.0 (Windows NT 10.0; Win64; x64) AppleWebKit/537.36 (KHTML, like Gecko) Edge/91.0.864.59"
239.179.84.61,02/Aug/2024:17:00:51,GET /home HTTP/1.1,400,2262,https://www.google.com,"Mozilla/5.0 (Macintosh; Intel Mac OS X 10_15_7) AppleWebKit/537.36 (KHTML, like Gecko) Chrome/91.0.4472.114 Safari/537.36"
118.170.151.190,10/Aug/2024:15:21:47,PUT /contact HTTP/1.0,400,1752,https://www.twitter.com,"Mozilla/5.0 (Windows NT 10.0; Win64; x64) AppleWebKit/537.36 (KHTML, like Gecko) Edge/91.0.864.59"
90.125.213.232,28/Jul/2024:14:04:39,GET /login HTTP/1.1,403,3140,https://www.facebook.com,Mozilla/5.0 (X11; Ubuntu; Linux x86_64; rv:89.0) Gecko/20100101 Firefox/89.0
54.130.132.76,07/Aug/2024:10:08:52,POST /contact HTTP/2.0,301,3712,https://www.linkedin.com,"Mozilla/5.0 (Windows NT 10.0; Win64; x64) AppleWebKit/537.36 (KHTML, like Gecko) Chrome/91.0.4472.124 Safari/537.36"
134.241.208.189,13/Jul/2024:03:23:20,POST /login HTTP/2.0,502,591,https://www.twitter.com,"Mozilla/5.0 (iPhone; CPU iPhone OS 14_6 like Mac OS X) AppleWebKit/605.1.15 (KHTML, like Gecko) Version/14.1.1 Mobile/15E148 Safari/604.1"
110.101.255.159,19/Jul/2024:15:35:23,PUT /signup HTTP/1.0,200,2962,https://www.bing.com,"Mozilla/5.0 (Windows NT 10.0; Win64; x64) AppleWebKit/537.36 (KHTML, like Gecko) Chrome/91.0.4472.124 Safari/537.36"
51.128.131.42,14/Jul/2024:20:52:49,GET /signup HTTP/1.1,404,4849,https://www.twitter.com,"Mozilla/5.0 (iPhone; CPU iPhone OS 14_6 like Mac OS X) AppleWebKit/605.1.15 (KHTML, like Gecko) Version/14.1.1 Mobile/15E148 Safari/604.1"
11.60.84.167,14/Jul/2024:02:33:35,GET /contact HTTP/2.0,200,4409,https://www.google.com,"Mozilla/5.0 (Windows NT 10.0; Win64; x64) AppleWebKit/537.36 (KHTML, like Gecko) Edge/91.0.864.59"
4.43.232.234,20/Jul/2024:03:12:06,DELETE /signup HTTP/2.0,500,3117,-,Mozilla/5.0 (Windows NT 10.0; Win64; x64; rv:89.0) Gecko/20100101 Firefox/89.0
89.95.254.176,16/Jul/2024:17:01:39,PUT /products HTTP/2.0,200,2432,https://www.linkedin.com,Mozilla/5.0 (Windows NT 10.0; Win64; x64; rv:89.0) Gecko/20100101 Firefox/89.0
137.16.76.245,02/Aug/2024:01:55:46,POST /about HTTP/1.0,301,3915,https://www.facebook.com,Mozilla/5.0 (Windows NT 10.0; Win64; x64; rv:89.0) Gecko/20100101 Firefox/89.0
97.70.153.221,30/Jul/2024:01:39:14,DELETE /blog HTTP/1.0,500,4696,https://www.facebook.com,Mozilla/5.0 (Windows NT 10.0; Win64; x64; rv:89.0) Gecko/20100101 Firefox/89.0
22.201.214.206,15/Jul/2024:04:59:35,POST /login HTTP/1.1,301,936,https://www.facebook.com,"Mozilla/5.0 (Windows NT 10.0; Win64; x64) AppleWebKit/537.36 (KHTML, like Gecko) Edge/91.0.864.59"
226.126.120.207,18/Jul/2024:05:15:34,GET /products HTTP/1.0,400,1517,https://www.bing.com,Mozilla/5.0 (Windows NT 10.0; Win64; x64; rv:89.0) Gecko/20100101 Firefox/89.0
46.194.157.209,14/Jul/2024:05:42:56,GET /login HTTP/1.0,301,3255,https://www.linkedin.com,"Mozilla/5.0 (iPhone; CPU iPhone OS 14_6 like Mac OS X) AppleWebKit/605.1.15 (KHTML, like Gecko) Version/14.1.1 Mobile/15E148 Safari/604.1"
175.113.143.140,28/Jul/2024:15:49:27,DELETE /signup HTTP/2.0,200,1534,https://www.twitter.com,Mozilla/5.0 (X11; Ubuntu; Linux x86_64; rv:89.0) Gecko/20100101 Firefox/89.0
249.93.248.63,14/Jul/2024:15:52:47,PUT /login HTTP/1.1,200,3403,https://www.linkedin.com,Mozilla/5.0 (X11; Ubuntu; Linux x86_64; rv:89.0) Gecko/20100101 Firefox/89.0
87.101.62.140,31/Jul/2024:03:28:14,GET /home HTTP/2.0,403,2289,https://www.google.com,"Mozilla/5.0 (Windows NT 10.0; Win64; x64) AppleWebKit/537.36 (KHTML, like Gecko) Chrome/91.0.4472.124 Safari/537.36"
96.210.90.246,27/Jul/2024:17:58:08,PUT /blog HTTP/1.1,502,3087,https://www.google.com,Mozilla/5.0 (X11; Ubuntu; Linux x86_64; rv:89.0) Gecko/20100101 Firefox/89.0
161.132.67.25,22/Jul/2024:00:13:57,GET /home HTTP/2.0,301,1852,https://www.facebook.com,"Mozilla/5.0 (iPhone; CPU iPhone OS 14_6 like Mac OS X) AppleWebKit/605.1.15 (KHTML, like Gecko) Version/14.1.1 Mobile/15E148 Safari/604.1"
75.222.51.139,27/Jul/2024:03:55:00,GET /login HTTP/1.0,404,4721,https://www.bing.com,"Mozilla/5.0 (Macintosh; Intel Mac OS X 10_15_7) AppleWebKit/537.36 (KHTML, like Gecko) Chrome/91.0.4472.114 Safari/537.36"
113.205.151.8,23/Jul/2024:05:46:17,POST /signup HTTP/1.0,301,3244,https://www.facebook.com,Mozilla/5.0 (X11; Ubuntu; Linux x86_64; rv:89.0) Gecko/20100101 Firefox/89.0
251.0.20.248,24/Jul/2024:12:23:43,PUT /products HTTP/1.1,502,1177,https://www.linkedin.com,Mozilla/5.0 (X11; Ubuntu; Linux x86_64; rv:89.0) Gecko/20100101 Firefox/89.0
37.109.151.236,25/Jul/2024:19:25:04,DELETE /about HTTP/1.1,200,2378,https://www.facebook.com,"Mozilla/5.0 (Windows NT 10.0; Win64; x64) AppleWebKit/537.36 (KHTML, like Gecko) Edge/91.0.864.59"
142.164.170.147,15/Jul/2024:22:25:24,GET /blog HTTP/1.0,403,3438,https://www.google.com,Mozilla/5.0 (Windows NT 10.0; Win64; x64; rv:89.0) Gecko/20100101 Firefox/89.0
189.191.67.215,27/Jul/2024:17:27:21,PUT /contact HTTP/1.0,404,2197,https://www.facebook.com,Mozilla/5.0 (X11; Ubuntu; Linux x86_64; rv:89.0) Gecko/20100101 Firefox/89.0
29.22.254.59,04/Aug/2024:23:42:19,POST /products HTTP/1.1,403,3200,https://www.google.com,"Mozilla/5.0 (iPhone; CPU iPhone OS 14_6 like Mac OS X) AppleWebKit/605.1.15 (KHTML, like Gecko) Version/14.1.1 Mobile/15E148 Safari/604.1"
184.77.15.47,24/Jul/2024:10:23:58,GET /contact HTTP/2.0,403,268,https://www.bing.com,"Mozilla/5.0 (Windows NT 10.0; Win64; x64) AppleWebKit/537.36 (KHTML, like Gecko) Chrome/91.0.4472.124 Safari/537.36"
233.175.247.29,25/Jul/2024:10:10:39,DELETE /login HTTP/1.1,500,1057,https://www.facebook.com,Mozilla/5.0 (Windows NT 10.0; Win64; x64; rv:89.0) Gecko/20100101 Firefox/89.0
41.163.124.220,18/Jul/2024:20:05:00,POST /home HTTP/1.0,502,2809,-,"Mozilla/5.0 (Macintosh; Intel Mac OS X 10_15_7) AppleWebKit/537.36 (KHTML, like Gecko) Chrome/91.0.4472.114 Safari/537.36"
104.143.64.36,23/Jul/2024:02:03:07,GET /about HTTP/1.1,502,4750,-,"Mozilla/5.0 (Macintosh; Intel Mac OS X 10_15_7) AppleWebKit/537.36 (KHTML, like Gecko) Chrome/91.0.4472.114 Safari/537.36"
165.133.93.250,18/Jul/2024:01:36:16,GET /signup HTTP/1.0,301,301,https://www.bing.com,"Mozilla/5.0 (Windows NT 10.0; Win64; x64) AppleWebKit/537.36 (KHTML, like Gecko) Edge/91.0.864.59"
148.183.0.171,07/Aug/2024:23:55:27,POST /products HTTP/1.0,404,2540,https://www.twitter.com,Mozilla/5.0 (X11; Ubuntu; Linux x86_64; rv:89.0) Gecko/20100101 Firefox/89.0
152.252.124.222,07/Aug/2024:17:45:02,DELETE /home HTTP/2.0,200,1348,https://www.facebook.com,Mozilla/5.0 (Windows NT 10.0; Win64; x64; rv:89.0) Gecko/20100101 Firefox/89.0
138.149.190.178,31/Jul/2024:00:18:49,DELETE /products HTTP/1.1,400,2141,https://www.bing.com,Mozilla/5.0 (Windows NT 10.0; Win64; x64; rv:89.0) Gecko/20100101 Firefox/89.0
157.207.201.57,22/Jul/2024:09:43:56,DELETE /about HTTP/1.1,400,4716,-,Mozilla/5.0 (Windows NT 10.0; Win64; x64; rv:89.0) Gecko/20100101 Firefox/89.0
135.239.171.62,30/Jul/2024:05:07:22,POST /home HTTP/2.0,400,1445,https://www.facebook.com,"Mozilla/5.0 (Windows NT 10.0; Win64; x64) AppleWebKit/537.36 (KHTML, like Gecko) Edge/91.0.864.59"
201.250.248.108,19/Jul/2024:11:36:20,DELETE /contact HTTP/2.0,400,351,https://www.facebook.com,"Mozilla/5.0 (Windows NT 10.0; Win64; x64) AppleWebKit/537.36 (KHTML, like Gecko) Edge/91.0.864.59"
49.215.105.183,15/Jul/2024:14:18:10,DELETE /contact HTTP/1.1,404,3084,https://www.facebook.com,Mozilla/5.0 (Windows NT 10.0; Win64; x64; rv:89.0) Gecko/20100101 Firefox/89.0
72.79.66.185,05/Aug/2024:19:08:12,PUT /contact HTTP/2.0,404,530,https://www.twitter.com,"Mozilla/5.0 (Windows NT 10.0; Win64; x64) AppleWebKit/537.36 (KHTML, like Gecko) Chrome/91.0.4472.124 Safari/537.36"
112.150.127.175,09/Aug/2024:16:46:17,DELETE /blog HTTP/2.0,200,2415,https://www.twitter.com,Mozilla/5.0 (Windows NT 10.0; Win64; x64; rv:89.0) Gecko/20100101 Firefox/89.0
117.187.8.53,26/Jul/2024:22:05:27,GET /signup HTTP/1.0,502,2689,https://www.twitter.com,Mozilla/5.0 (X11; Ubuntu; Linux x86_64; rv:89.0) Gecko/20100101 Firefox/89.0
154.245.62.7,04/Aug/2024:02:35:17,PUT /products HTTP/1.1,403,2352,https://www.linkedin.com,Mozilla/5.0 (Windows NT 10.0; Win64; x64; rv:89.0) Gecko/20100101 Firefox/89.0
127.229.43.137,02/Aug/2024:09:24:11,PUT /about HTTP/1.0,500,2834,-,"Mozilla/5.0 (iPhone; CPU iPhone OS 14_6 like Mac OS X) AppleWebKit/605.1.15 (KHTML, like Gecko) Version/14.1.1 Mobile/15E148 Safari/604.1"
14.71.250.187,26/Jul/2024:15:36:00,POST /contact HTTP/1.1,301,3600,-,"Mozilla/5.0 (iPhone; CPU iPhone OS 14_6 like Mac OS X) AppleWebKit/605.1.15 (KHTML, like Gecko) Version/14.1.1 Mobile/15E148 Safari/604.1"
48.76.30.126,19/Jul/2024:02:09:21,POST /login HTTP/1.1,403,256,https://www.twitter.com,"Mozilla/5.0 (Macintosh; Intel Mac OS X 10_15_7) AppleWebKit/537.36 (KHTML, like Gecko) Chrome/91.0.4472.114 Safari/537.36"
176.234.246.254,21/Jul/2024:11:52:12,POST /login HTTP/1.1,500,2526,https://www.facebook.com,Mozilla/5.0 (Windows NT 10.0; Win64; x64; rv:89.0) Gecko/20100101 Firefox/89.0
35.82.189.97,19/Jul/2024:03:59:15,DELETE /about HTTP/2.0,502,743,https://www.twitter.com,Mozilla/5.0 (Windows NT 10.0; Win64; x64; rv:89.0) Gecko/20100101 Firefox/89.0
83.72.25.167,24/Jul/2024:21:35:52,POST /login HTTP/2.0,400,666,https://www.bing.com,"Mozilla/5.0 (Macintosh; Intel Mac OS X 10_15_7) AppleWebKit/537.36 (KHTML, like Gecko) Chrome/91.0.4472.114 Safari/537.36"
37.160.123.41,29/Jul/2024:02:44:05,POST /about HTTP/2.0,404,266,https://www.linkedin.com,"Mozilla/5.0 (Windows NT 10.0; Win64; x64) AppleWebKit/537.36 (KHTML, like Gecko) Chrome/91.0.4472.124 Safari/537.36"
227.152.236.208,01/Aug/2024:08:20:20,DELETE /signup HTTP/1.1,403,4439,https://www.linkedin.com,"Mozilla/5.0 (iPhone; CPU iPhone OS 14_6 like Mac OS X) AppleWebKit/605.1.15 (KHTML, like Gecko) Version/14.1.1 Mobile/15E148 Safari/604.1"
127.137.176.10,14/Jul/2024:04:43:08,DELETE /contact HTTP/1.1,301,3227,https://www.twitter.com,"Mozilla/5.0 (Windows NT 10.0; Win64; x64) AppleWebKit/537.36 (KHTML, like Gecko) Edge/91.0.864.59"
199.252.58.181,04/Aug/2024:07:17:13,POST /login HTTP/1.1,404,392,https://www.twitter.com,"Mozilla/5.0 (Macintosh; Intel Mac OS X 10_15_7) AppleWebKit/537.36 (KHTML, like Gecko) Chrome/91.0.4472.114 Safari/537.36"
71.114.114.221,16/Jul/2024:19:58:56,PUT /home HTTP/2.0,403,4053,https://www.bing.com,"Mozilla/5.0 (Windows NT 10.0; Win64; x64) AppleWebKit/537.36 (KHTML, like Gecko) Chrome/91.0.4472.124 Safari/537.36"
120.49.122.8,10/Aug/2024:02:18:17,POST /signup HTTP/1.0,301,660,https://www.twitter.com,Mozilla/5.0 (Windows NT 10.0; Win64; x64; rv:89.0) Gecko/20100101 Firefox/89.0
63.200.143.163,24/Jul/2024:02:18:46,GET /products HTTP/2.0,502,1275,-,"Mozilla/5.0 (Windows NT 10.0; Win64; x64) AppleWebKit/537.36 (KHTML, like Gecko) Chrome/91.0.4472.124 Safari/537.36"
10.248.72.117,14/Jul/2024:05:06:50,PUT /about HTTP/2.0,502,2518,https://www.google.com,"Mozilla/5.0 (iPhone; CPU iPhone OS 14_6 like Mac OS X) AppleWebKit/605.1.15 (KHTML, like Gecko) Version/14.1.1 Mobile/15E148 Safari/604.1"
179.75.167.42,29/Jul/2024:14:01:23,DELETE /blog HTTP/1.1,502,605,https://www.facebook.com,"Mozilla/5.0 (Windows NT 10.0; Win64; x64) AppleWebKit/537.36 (KHTML, like Gecko) Chrome/91.0.4472.124 Safari/537.36"
170.119.18.38,21/Jul/2024:11:35:49,POST /about HTTP/1.1,500,3844,https://www.bing.com,"Mozilla/5.0 (Macintosh; Intel Mac OS X 10_15_7) AppleWebKit/537.36 (KHTML, like Gecko) Chrome/91.0.4472.114 Safari/537.36"
50.167.142.47,03/Aug/2024:10:23:28,POST /home HTTP/2.0,301,397,-,Mozilla/5.0 (Windows NT 10.0; Win64; x64; rv:89.0) Gecko/20100101 Firefox/89.0
33.81.16.105,27/Jul/2024:17:23:28,GET /products HTTP/1.1,400,4879,https://www.twitter.com,"Mozilla/5.0 (Macintosh; Intel Mac OS X 10_15_7) AppleWebKit/537.36 (KHTML, like Gecko) Chrome/91.0.4472.114 Safari/537.36"
148.138.49.231,26/Jul/2024:11:15:36,POST /blog HTTP/2.0,301,1673,https://www.twitter.com,"Mozilla/5.0 (Windows NT 10.0; Win64; x64) AppleWebKit/537.36 (KHTML, like Gecko) Chrome/91.0.4472.124 Safari/537.36"
241.238.134.88,16/Jul/2024:00:32:36,DELETE /blog HTTP/1.1,404,2912,https://www.facebook.com,Mozilla/5.0 (Windows NT 10.0; Win64; x64; rv:89.0) Gecko/20100101 Firefox/89.0
180.158.178.72,19/Jul/2024:09:00:12,POST /home HTTP/1.0,200,1557,https://www.twitter.com,"Mozilla/5.0 (Macintosh; Intel Mac OS X 10_15_7) AppleWebKit/537.36 (KHTML, like Gecko) Chrome/91.0.4472.114 Safari/537.36"
103.64.161.87,05/Aug/2024:18:10:24,PUT /blog HTTP/1.1,301,1970,https://www.linkedin.com,"Mozilla/5.0 (iPhone; CPU iPhone OS 14_6 like Mac OS X) AppleWebKit/605.1.15 (KHTML, like Gecko) Version/14.1.1 Mobile/15E148 Safari/604.1"
52.50.241.32,23/Jul/2024:12:59:21,GET /login HTTP/1.0,400,2331,https://www.bing.com,"Mozilla/5.0 (Windows NT 10.0; Win64; x64) AppleWebKit/537.36 (KHTML, like Gecko) Edge/91.0.864.59"
169.204.97.253,26/Jul/2024:14:22:23,POST /blog HTTP/1.1,400,2432,https://www.google.com,"Mozilla/5.0 (iPhone; CPU iPhone OS 14_6 like Mac OS X) AppleWebKit/605.1.15 (KHTML, like Gecko) Version/14.1.1 Mobile/15E148 Safari/604.1"
81.54.88.195,08/Aug/2024:16:33:44,POST /login HTTP/1.1,301,1567,https://www.bing.com,"Mozilla/5.0 (iPhone; CPU iPhone OS 14_6 like Mac OS X) AppleWebKit/605.1.15 (KHTML, like Gecko) Version/14.1.1 Mobile/15E148 Safari/604.1"
225.95.137.93,06/Aug/2024:16:22:37,DELETE /login HTTP/1.0,500,1962,https://www.google.com,"Mozilla/5.0 (Windows NT 10.0; Win64; x64) AppleWebKit/537.36 (KHTML, like Gecko) Chrome/91.0.4472.124 Safari/537.36"
190.109.0.204,31/Jul/2024:04:27:07,DELETE /about HTTP/1.1,301,1961,https://www.google.com,Mozilla/5.0 (Windows NT 10.0; Win64; x64; rv:89.0) Gecko/20100101 Firefox/89.0
222.148.164.108,14/Jul/2024:20:48:53,POST /signup HTTP/1.1,200,2488,https://www.twitter.com,Mozilla/5.0 (X11; Ubuntu; Linux x86_64; rv:89.0) Gecko/20100101 Firefox/89.0
116.148.177.87,20/Jul/2024:17:09:56,PUT /signup HTTP/1.1,301,1987,https://www.facebook.com,"Mozilla/5.0 (Windows NT 10.0; Win64; x64) AppleWebKit/537.36 (KHTML, like Gecko) Chrome/91.0.4472.124 Safari/537.36"
77.101.185.44,15/Jul/2024:02:33:16,POST /home HTTP/1.1,502,894,https://www.twitter.com,"Mozilla/5.0 (Windows NT 10.0; Win64; x64) AppleWebKit/537.36 (KHTML, like Gecko) Chrome/91.0.4472.124 Safari/537.36"
142.167.4.222,24/Jul/2024:16:27:36,POST /products HTTP/2.0,200,4778,-,"Mozilla/5.0 (iPhone; CPU iPhone OS 14_6 like Mac OS X) AppleWebKit/605.1.15 (KHTML, like Gecko) Version/14.1.1 Mobile/15E148 Safari/604.1"
35.5.155.208,17/Jul/2024:10:02:38,GET /home HTTP/1.1,400,1022,https://www.google.com,"Mozilla/5.0 (Macintosh; Intel Mac OS X 10_15_7) AppleWebKit/537.36 (KHTML, like Gecko) Chrome/91.0.4472.114 Safari/537.36"
246.253.222.72,22/Jul/2024:19:48:07,DELETE /signup HTTP/2.0,200,1034,https://www.facebook.com,"Mozilla/5.0 (Windows NT 10.0; Win64; x64) AppleWebKit/537.36 (KHTML, like Gecko) Chrome/91.0.4472.124 Safari/537.36"
83.27.99.214,19/Jul/2024:22:49:54,PUT /signup HTTP/1.0,400,3062,https://www.facebook.com,"Mozilla/5.0 (Windows NT 10.0; Win64; x64) AppleWebKit/537.36 (KHTML, like Gecko) Edge/91.0.864.59"
6.84.252.211,04/Aug/2024:09:40:54,PUT /contact HTTP/2.0,400,1254,https://www.linkedin.com,"Mozilla/5.0 (Windows NT 10.0; Win64; x64) AppleWebKit/537.36 (KHTML, like Gecko) Edge/91.0.864.59"
32.30.69.75,25/Jul/2024:14:37:34,DELETE /products HTTP/1.1,200,1485,https://www.bing.com,"Mozilla/5.0 (iPhone; CPU iPhone OS 14_6 like Mac OS X) AppleWebKit/605.1.15 (KHTML, like Gecko) Version/14.1.1 Mobile/15E148 Safari/604.1"
222.184.244.193,04/Aug/2024:17:29:29,PUT /about HTTP/1.1,403,4304,-,"Mozilla/5.0 (Macintosh; Intel Mac OS X 10_15_7) AppleWebKit/537.36 (KHTML, like Gecko) Chrome/91.0.4472.114 Safari/537.36"
220.253.234.101,24/Jul/2024:20:47:06,GET /about HTTP/1.1,400,415,https://www.bing.com,"Mozilla/5.0 (iPhone; CPU iPhone OS 14_6 like Mac OS X) AppleWebKit/605.1.15 (KHTML, like Gecko) Version/14.1.1 Mobile/15E148 Safari/604.1"
40.235.219.67,06/Aug/2024:06:44:13,DELETE /contact HTTP/1.1,404,1938,https://www.bing.com,"Mozilla/5.0 (iPhone; CPU iPhone OS 14_6 like Mac OS X) AppleWebKit/605.1.15 (KHTML, like Gecko) Version/14.1.1 Mobile/15E148 Safari/604.1"
120.64.9.4,06/Aug/2024:22:45:51,PUT /blog HTTP/2.0,200,2965,https://www.linkedin.com,"Mozilla/5.0 (Macintosh; Intel Mac OS X 10_15_7) AppleWebKit/537.36 (KHTML, like Gecko) Chrome/91.0.4472.114 Safari/537.36"
250.107.122.184,20/Jul/2024:16:09:24,PUT /contact HTTP/1.0,502,870,https://www.twitter.com,Mozilla/5.0 (X11; Ubuntu; Linux x86_64; rv:89.0) Gecko/20100101 Firefox/89.0
121.204.217.120,18/Jul/2024:13:54:33,DELETE /about HTTP/1.1,500,1733,https://www.facebook.com,"Mozilla/5.0 (Macintosh; Intel Mac OS X 10_15_7) AppleWebKit/537.36 (KHTML, like Gecko) Chrome/91.0.4472.114 Safari/537.36"
182.25.213.158,31/Jul/2024:21:17:26,DELETE /home HTTP/1.0,200,931,https://www.bing.com,Mozilla/5.0 (Windows NT 10.0; Win64; x64; rv:89.0) Gecko/20100101 Firefox/89.0
4.152.4.144,10/Aug/2024:19:55:40,PUT /about HTTP/1.1,500,3228,https://www.google.com,Mozilla/5.0 (Windows NT 10.0; Win64; x64; rv:89.0) Gecko/20100101 Firefox/89.0
219.14.159.83,14/Jul/2024:07:53:33,DELETE /signup HTTP/1.0,403,4354,https://www.google.com,"Mozilla/5.0 (Macintosh; Intel Mac OS X 10_15_7) AppleWebKit/537.36 (KHTML, like Gecko) Chrome/91.0.4472.114 Safari/537.36"
245.147.14.82,10/Aug/2024:16:31:50,PUT /login HTTP/1.1,403,2346,https://www.google.com,"Mozilla/5.0 (iPhone; CPU iPhone OS 14_6 like Mac OS X) AppleWebKit/605.1.15 (KHTML, like Gecko) Version/14.1.1 Mobile/15E148 Safari/604.1"
179.13.87.147,06/Aug/2024:07:33:44,POST /blog HTTP/1.0,200,1901,-,Mozilla/5.0 (X11; Ubuntu; Linux x86_64; rv:89.0) Gecko/20100101 Firefox/89.0
125.21.34.255,07/Aug/2024:20:12:07,PUT /login HTTP/1.0,403,1856,https://www.facebook.com,"Mozilla/5.0 (Windows NT 10.0; Win64; x64) AppleWebKit/537.36 (KHTML, like Gecko) Chrome/91.0.4472.124 Safari/537.36"
77.246.101.222,08/Aug/2024:02:58:45,POST /contact HTTP/1.0,404,1229,https://www.facebook.com,"Mozilla/5.0 (Windows NT 10.0; Win64; x64) AppleWebKit/537.36 (KHTML, like Gecko) Edge/91.0.864.59"
71.129.79.19,04/Aug/2024:05:30:28,GET /about HTTP/1.1,200,4053,-,"Mozilla/5.0 (iPhone; CPU iPhone OS 14_6 like Mac OS X) AppleWebKit/605.1.15 (KHTML, like Gecko) Version/14.1.1 Mobile/15E148 Safari/604.1"
99.15.38.167,23/Jul/2024:18:25:20,DELETE /signup HTTP/2.0,502,3278,https://www.google.com,"Mozilla/5.0 (Windows NT 10.0; Win64; x64) AppleWebKit/537.36 (KHTML, like Gecko) Chrome/91.0.4472.124 Safari/537.36"
226.132.188.238,21/Jul/2024:03:18:19,GET /signup HTTP/1.1,403,557,-,"Mozilla/5.0 (Macintosh; Intel Mac OS X 10_15_7) AppleWebKit/537.36 (KHTML, like Gecko) Chrome/91.0.4472.114 Safari/537.36"
236.207.254.157,15/Jul/2024:09:53:12,POST /login HTTP/1.0,502,3624,https://www.linkedin.com,"Mozilla/5.0 (Windows NT 10.0; Win64; x64) AppleWebKit/537.36 (KHTML, like Gecko) Edge/91.0.864.59"
186.127.167.133,27/Jul/2024:21:39:43,PUT /blog HTTP/1.1,403,2311,https://www.linkedin.com,"Mozilla/5.0 (Macintosh; Intel Mac OS X 10_15_7) AppleWebKit/537.36 (KHTML, like Gecko) Chrome/91.0.4472.114 Safari/537.36"
4.40.72.152,26/Jul/2024:05:53:34,DELETE /blog HTTP/1.1,301,3187,https://www.facebook.com,"Mozilla/5.0 (Windows NT 10.0; Win64; x64) AppleWebKit/537.36 (KHTML, like Gecko) Edge/91.0.864.59"
103.230.78.5,08/Aug/2024:06:12:25,DELETE /home HTTP/2.0,502,273,https://www.facebook.com,Mozilla/5.0 (Windows NT 10.0; Win64; x64; rv:89.0) Gecko/20100101 Firefox/89.0
211.237.35.244,24/Jul/2024:13:22:13,PUT /contact HTTP/1.0,404,1011,https://www.twitter.com,"Mozilla/5.0 (Macintosh; Intel Mac OS X 10_15_7) AppleWebKit/537.36 (KHTML, like Gecko) Chrome/91.0.4472.114 Safari/537.36"
129.62.82.136,26/Jul/2024:19:51:58,POST /login HTTP/1.1,403,3723,https://www.bing.com,"Mozilla/5.0 (Macintosh; Intel Mac OS X 10_15_7) AppleWebKit/537.36 (KHTML, like Gecko) Chrome/91.0.4472.114 Safari/537.36"
91.199.95.254,15/Jul/2024:18:50:38,DELETE /contact HTTP/1.1,502,4926,https://www.google.com,"Mozilla/5.0 (Windows NT 10.0; Win64; x64) AppleWebKit/537.36 (KHTML, like Gecko) Edge/91.0.864.59"
146.182.187.80,24/Jul/2024:18:30:00,GET /contact HTTP/1.0,403,4310,https://www.google.com,Mozilla/5.0 (X11; Ubuntu; Linux x86_64; rv:89.0) Gecko/20100101 Firefox/89.0
113.178.133.118,07/Aug/2024:06:33:12,PUT /contact HTTP/2.0,301,1204,https://www.twitter.com,"Mozilla/5.0 (iPhone; CPU iPhone OS 14_6 like Mac OS X) AppleWebKit/605.1.15 (KHTML, like Gecko) Version/14.1.1 Mobile/15E148 Safari/604.1"
73.14.45.191,09/Aug/2024:07:14:20,POST /signup HTTP/2.0,404,655,https://www.google.com,Mozilla/5.0 (X11; Ubuntu; Linux x86_64; rv:89.0) Gecko/20100101 Firefox/89.0
151.29.185.78,24/Jul/2024:06:12:50,PUT /about HTTP/1.1,301,3445,https://www.twitter.com,"Mozilla/5.0 (Windows NT 10.0; Win64; x64) AppleWebKit/537.36 (KHTML, like Gecko) Chrome/91.0.4472.124 Safari/537.36"
217.245.199.122,28/Jul/2024:17:02:26,POST /products HTTP/1.0,200,634,https://www.bing.com,Mozilla/5.0 (Windows NT 10.0; Win64; x64; rv:89.0) Gecko/20100101 Firefox/89.0
165.213.121.234,08/Aug/2024:09:35:47,GET /home HTTP/1.0,502,1739,https://www.twitter.com,"Mozilla/5.0 (Windows NT 10.0; Win64; x64) AppleWebKit/537.36 (KHTML, like Gecko) Chrome/91.0.4472.124 Safari/537.36"
230.245.229.115,06/Aug/2024:14:11:11,PUT /home HTTP/1.1,500,3162,https://www.twitter.com,"Mozilla/5.0 (Macintosh; Intel Mac OS X 10_15_7) AppleWebKit/537.36 (KHTML, like Gecko) Chrome/91.0.4472.114 Safari/537.36"
130.231.221.126,12/Jul/2024:22:11:38,PUT /signup HTTP/1.1,502,548,https://www.linkedin.com,"Mozilla/5.0 (Windows NT 10.0; Win64; x64) AppleWebKit/537.36 (KHTML, like Gecko) Edge/91.0.864.59"
112.131.44.212,24/Jul/2024:15:25:40,GET /contact HTTP/1.1,301,2416,https://www.linkedin.com,"Mozilla/5.0 (Windows NT 10.0; Win64; x64) AppleWebKit/537.36 (KHTML, like Gecko) Edge/91.0.864.59"
36.11.24.145,18/Jul/2024:03:32:44,PUT /blog HTTP/1.0,301,2551,https://www.twitter.com,"Mozilla/5.0 (Windows NT 10.0; Win64; x64) AppleWebKit/537.36 (KHTML, like Gecko) Edge/91.0.864.59"
47.80.187.113,13/Jul/2024:18:55:35,PUT /blog HTTP/1.1,500,3563,https://www.google.com,"Mozilla/5.0 (Windows NT 10.0; Win64; x64) AppleWebKit/537.36 (KHTML, like Gecko) Edge/91.0.864.59"
150.241.153.167,15/Jul/2024:04:44:30,POST /signup HTTP/2.0,400,3270,https://www.google.com,"Mozilla/5.0 (Windows NT 10.0; Win64; x64) AppleWebKit/537.36 (KHTML, like Gecko) Chrome/91.0.4472.124 Safari/537.36"
153.53.0.245,05/Aug/2024:20:10:21,DELETE /signup HTTP/1.1,301,922,-,Mozilla/5.0 (X11; Ubuntu; Linux x86_64; rv:89.0) Gecko/20100101 Firefox/89.0
142.42.26.166,13/Jul/2024:02:39:24,GET /home HTTP/1.0,301,4748,https://www.bing.com,"Mozilla/5.0 (Windows NT 10.0; Win64; x64) AppleWebKit/537.36 (KHTML, like Gecko) Edge/91.0.864.59"
111.201.45.29,30/Jul/2024:18:26:11,DELETE /login HTTP/1.1,502,1991,https://www.facebook.com,Mozilla/5.0 (Windows NT 10.0; Win64; x64; rv:89.0) Gecko/20100101 Firefox/89.0
221.127.226.185,06/Aug/2024:15:26:52,POST /login HTTP/2.0,301,1054,https://www.facebook.com,Mozilla/5.0 (X11; Ubuntu; Linux x86_64; rv:89.0) Gecko/20100101 Firefox/89.0
221.213.145.145,16/Jul/2024:15:40:09,DELETE /blog HTTP/1.1,500,1898,https://www.linkedin.com,"Mozilla/5.0 (Windows NT 10.0; Win64; x64) AppleWebKit/537.36 (KHTML, like Gecko) Chrome/91.0.4472.124 Safari/537.36"
92.81.38.164,15/Jul/2024:15:35:50,POST /home HTTP/1.0,502,538,-,Mozilla/5.0 (Windows NT 10.0; Win64; x64; rv:89.0) Gecko/20100101 Firefox/89.0
8.198.13.255,15/Jul/2024:20:10:14,GET /about HTTP/2.0,400,3786,https://www.twitter.com,Mozilla/5.0 (Windows NT 10.0; Win64; x64; rv:89.0) Gecko/20100101 Firefox/89.0
192.238.188.58,10/Aug/2024:18:16:20,POST /home HTTP/2.0,200,2698,-,Mozilla/5.0 (X11; Ubuntu; Linux x86_64; rv:89.0) Gecko/20100101 Firefox/89.0
54.207.160.253,19/Jul/2024:10:23:55,GET /contact HTTP/1.0,403,4953,https://www.google.com,"Mozilla/5.0 (Windows NT 10.0; Win64; x64) AppleWebKit/537.36 (KHTML, like Gecko) Chrome/91.0.4472.124 Safari/537.36"
135.54.159.95,23/Jul/2024:04:15:01,GET /home HTTP/1.1,400,2832,https://www.twitter.com,"Mozilla/5.0 (Macintosh; Intel Mac OS X 10_15_7) AppleWebKit/537.36 (KHTML, like Gecko) Chrome/91.0.4472.114 Safari/537.36"
204.49.103.104,28/Jul/2024:01:12:17,GET /home HTTP/2.0,502,3761,https://www.google.com,"Mozilla/5.0 (Macintosh; Intel Mac OS X 10_15_7) AppleWebKit/537.36 (KHTML, like Gecko) Chrome/91.0.4472.114 Safari/537.36"
97.251.211.142,29/Jul/2024:09:30:30,PUT /signup HTTP/1.1,301,3428,https://www.bing.com,Mozilla/5.0 (Windows NT 10.0; Win64; x64; rv:89.0) Gecko/20100101 Firefox/89.0
126.79.30.233,11/Aug/2024:08:33:03,PUT /contact HTTP/1.0,200,4195,-,"Mozilla/5.0 (Macintosh; Intel Mac OS X 10_15_7) AppleWebKit/537.36 (KHTML, like Gecko) Chrome/91.0.4472.114 Safari/537.36"
164.29.240.74,05/Aug/2024:00:27:47,GET /contact HTTP/1.1,404,386,https://www.linkedin.com,"Mozilla/5.0 (Windows NT 10.0; Win64; x64) AppleWebKit/537.36 (KHTML, like Gecko) Chrome/91.0.4472.124 Safari/537.36"
97.195.37.104,13/Jul/2024:15:43:27,PUT /about HTTP/1.1,403,723,https://www.bing.com,Mozilla/5.0 (Windows NT 10.0; Win64; x64; rv:89.0) Gecko/20100101 Firefox/89.0
231.45.184.41,07/Aug/2024:02:34:44,PUT /about HTTP/2.0,502,509,-,"Mozilla/5.0 (Windows NT 10.0; Win64; x64) AppleWebKit/537.36 (KHTML, like Gecko) Edge/91.0.864.59"
136.250.174.134,27/Jul/2024:19:45:39,POST /login HTTP/1.0,200,4399,https://www.google.com,"Mozilla/5.0 (iPhone; CPU iPhone OS 14_6 like Mac OS X) AppleWebKit/605.1.15 (KHTML, like Gecko) Version/14.1.1 Mobile/15E148 Safari/604.1"
63.205.70.117,25/Jul/2024:03:35:27,POST /products HTTP/2.0,301,4193,https://www.twitter.com,"Mozilla/5.0 (Windows NT 10.0; Win64; x64) AppleWebKit/537.36 (KHTML, like Gecko) Edge/91.0.864.59"
130.223.77.19,01/Aug/2024:09:57:38,GET /login HTTP/1.0,301,4354,https://www.bing.com,"Mozilla/5.0 (Windows NT 10.0; Win64; x64) AppleWebKit/537.36 (KHTML, like Gecko) Chrome/91.0.4472.124 Safari/537.36"
167.174.104.64,19/Jul/2024:06:01:02,POST /about HTTP/1.0,404,4811,https://www.linkedin.com,"Mozilla/5.0 (Macintosh; Intel Mac OS X 10_15_7) AppleWebKit/537.36 (KHTML, like Gecko) Chrome/91.0.4472.114 Safari/537.36"
133.53.243.142,09/Aug/2024:15:18:22,DELETE /blog HTTP/1.0,404,4563,https://www.bing.com,Mozilla/5.0 (X11; Ubuntu; Linux x86_64; rv:89.0) Gecko/20100101 Firefox/89.0
210.8.100.158,15/Jul/2024:03:40:03,POST /about HTTP/2.0,404,1582,https://www.bing.com,"Mozilla/5.0 (Windows NT 10.0; Win64; x64) AppleWebKit/537.36 (KHTML, like Gecko) Chrome/91.0.4472.124 Safari/537.36"
206.163.204.182,23/Jul/2024:18:09:40,POST /home HTTP/1.0,502,1199,https://www.linkedin.com,"Mozilla/5.0 (iPhone; CPU iPhone OS 14_6 like Mac OS X) AppleWebKit/605.1.15 (KHTML, like Gecko) Version/14.1.1 Mobile/15E148 Safari/604.1"
76.109.81.88,07/Aug/2024:07:03:14,PUT /blog HTTP/1.1,200,667,https://www.google.com,"Mozilla/5.0 (iPhone; CPU iPhone OS 14_6 like Mac OS X) AppleWebKit/605.1.15 (KHTML, like Gecko) Version/14.1.1 Mobile/15E148 Safari/604.1"
176.202.78.207,16/Jul/2024:04:25:55,DELETE /about HTTP/1.0,301,2773,https://www.facebook.com,Mozilla/5.0 (X11; Ubuntu; Linux x86_64; rv:89.0) Gecko/20100101 Firefox/89.0
163.112.210.80,07/Aug/2024:17:10:33,GET /about HTTP/2.0,500,630,-,Mozilla/5.0 (Windows NT 10.0; Win64; x64; rv:89.0) Gecko/20100101 Firefox/89.0
100.183.172.58,25/Jul/2024:11:38:23,POST /about HTTP/1.1,502,2120,https://www.bing.com,"Mozilla/5.0 (Windows NT 10.0; Win64; x64) AppleWebKit/537.36 (KHTML, like Gecko) Edge/91.0.864.59"
73.204.140.19,16/Jul/2024:22:00:47,GET /contact HTTP/2.0,301,1549,https://www.twitter.com,"Mozilla/5.0 (Macintosh; Intel Mac OS X 10_15_7) AppleWebKit/537.36 (KHTML, like Gecko) Chrome/91.0.4472.114 Safari/537.36"
221.28.249.224,19/Jul/2024:00:36:27,POST /signup HTTP/1.1,301,4742,https://www.google.com,Mozilla/5.0 (Windows NT 10.0; Win64; x64; rv:89.0) Gecko/20100101 Firefox/89.0
180.101.82.102,15/Jul/2024:05:53:45,POST /about HTTP/1.1,502,4024,-,"Mozilla/5.0 (Windows NT 10.0; Win64; x64) AppleWebKit/537.36 (KHTML, like Gecko) Chrome/91.0.4472.124 Safari/537.36"
223.44.152.214,21/Jul/2024:16:29:04,POST /about HTTP/1.1,200,3481,https://www.bing.com,"Mozilla/5.0 (iPhone; CPU iPhone OS 14_6 like Mac OS X) AppleWebKit/605.1.15 (KHTML, like Gecko) Version/14.1.1 Mobile/15E148 Safari/604.1"
164.69.219.185,07/Aug/2024:21:11:42,PUT /signup HTTP/2.0,200,3273,-,Mozilla/5.0 (X11; Ubuntu; Linux x86_64; rv:89.0) Gecko/20100101 Firefox/89.0
125.115.193.41,01/Aug/2024:07:08:32,PUT /home HTTP/1.1,404,1849,https://www.linkedin.com,Mozilla/5.0 (Windows NT 10.0; Win64; x64; rv:89.0) Gecko/20100101 Firefox/89.0
34.54.196.68,20/Jul/2024:10:55:43,GET /about HTTP/2.0,200,4584,-,Mozilla/5.0 (Windows NT 10.0; Win64; x64; rv:89.0) Gecko/20100101 Firefox/89.0
158.165.55.253,29/Jul/2024:16:22:42,POST /about HTTP/2.0,500,2693,https://www.bing.com,"Mozilla/5.0 (iPhone; CPU iPhone OS 14_6 like Mac OS X) AppleWebKit/605.1.15 (KHTML, like Gecko) Version/14.1.1 Mobile/15E148 Safari/604.1"
10.69.243.227,25/Jul/2024:14:22:16,GET /blog HTTP/2.0,502,395,https://www.twitter.com,"Mozilla/5.0 (Windows NT 10.0; Win64; x64) AppleWebKit/537.36 (KHTML, like Gecko) Edge/91.0.864.59"
128.75.15.122,01/Aug/2024:06:10:18,POST /signup HTTP/2.0,500,4598,https://www.twitter.com,"Mozilla/5.0 (Macintosh; Intel Mac OS X 10_15_7) AppleWebKit/537.36 (KHTML, like Gecko) Chrome/91.0.4472.114 Safari/537.36"
121.92.248.243,13/Jul/2024:14:05:38,POST /about HTTP/1.0,404,659,https://www.twitter.com,"Mozilla/5.0 (Macintosh; Intel Mac OS X 10_15_7) AppleWebKit/537.36 (KHTML, like Gecko) Chrome/91.0.4472.114 Safari/537.36"
220.142.141.201,22/Jul/2024:08:13:49,POST /about HTTP/1.1,301,1191,https://www.twitter.com,Mozilla/5.0 (Windows NT 10.0; Win64; x64; rv:89.0) Gecko/20100101 Firefox/89.0
238.245.129.216,05/Aug/2024:13:05:32,POST /blog HTTP/1.0,400,2854,https://www.linkedin.com,Mozilla/5.0 (X11; Ubuntu; Linux x86_64; rv:89.0) Gecko/20100101 Firefox/89.0
9.166.65.140,31/Jul/2024:13:21:55,DELETE /blog HTTP/2.0,500,2170,https://www.google.com,"Mozilla/5.0 (iPhone; CPU iPhone OS 14_6 like Mac OS X) AppleWebKit/605.1.15 (KHTML, like Gecko) Version/14.1.1 Mobile/15E148 Safari/604.1"
181.120.42.77,30/Jul/2024:23:15:56,DELETE /home HTTP/2.0,404,3271,https://www.google.com,"Mozilla/5.0 (Windows NT 10.0; Win64; x64) AppleWebKit/537.36 (KHTML, like Gecko) Edge/91.0.864.59"
86.77.184.218,11/Aug/2024:05:02:58,POST /products HTTP/2.0,301,767,https://www.linkedin.com,"Mozilla/5.0 (iPhone; CPU iPhone OS 14_6 like Mac OS X) AppleWebKit/605.1.15 (KHTML, like Gecko) Version/14.1.1 Mobile/15E148 Safari/604.1"
36.101.159.135,09/Aug/2024:14:58:20,PUT /contact HTTP/2.0,404,282,https://www.linkedin.com,Mozilla/5.0 (Windows NT 10.0; Win64; x64; rv:89.0) Gecko/20100101 Firefox/89.0
108.119.240.159,21/Jul/2024:15:26:17,POST /home HTTP/1.1,502,1606,https://www.linkedin.com,"Mozilla/5.0 (Windows NT 10.0; Win64; x64) AppleWebKit/537.36 (KHTML, like Gecko) Edge/91.0.864.59"
120.45.91.69,14/Jul/2024:01:59:46,PUT /home HTTP/2.0,200,3466,https://www.linkedin.com,Mozilla/5.0 (X11; Ubuntu; Linux x86_64; rv:89.0) Gecko/20100101 Firefox/89.0
124.207.193.27,18/Jul/2024:07:24:36,GET /signup HTTP/1.0,500,4977,https://www.facebook.com,"Mozilla/5.0 (Macintosh; Intel Mac OS X 10_15_7) AppleWebKit/537.36 (KHTML, like Gecko) Chrome/91.0.4472.114 Safari/537.36"
43.176.219.107,13/Jul/2024:10:32:38,PUT /blog HTTP/2.0,500,3175,https://www.facebook.com,Mozilla/5.0 (Windows NT 10.0; Win64; x64; rv:89.0) Gecko/20100101 Firefox/89.0
246.136.150.106,12/Jul/2024:19:27:25,DELETE /blog HTTP/1.0,301,3378,https://www.bing.com,"Mozilla/5.0 (Windows NT 10.0; Win64; x64) AppleWebKit/537.36 (KHTML, like Gecko) Chrome/91.0.4472.124 Safari/537.36"
79.144.127.68,07/Aug/2024:02:34:53,GET /blog HTTP/1.0,200,1753,https://www.facebook.com,"Mozilla/5.0 (iPhone; CPU iPhone OS 14_6 like Mac OS X) AppleWebKit/605.1.15 (KHTML, like Gecko) Version/14.1.1 Mobile/15E148 Safari/604.1"
156.171.237.248,30/Jul/2024:02:02:26,GET /contact HTTP/2.0,301,2051,https://www.facebook.com,"Mozilla/5.0 (Windows NT 10.0; Win64; x64) AppleWebKit/537.36 (KHTML, like Gecko) Edge/91.0.864.59"
147.172.254.157,20/Jul/2024:12:37:33,PUT /about HTTP/1.0,301,3006,https://www.google.com,"Mozilla/5.0 (Macintosh; Intel Mac OS X 10_15_7) AppleWebKit/537.36 (KHTML, like Gecko) Chrome/91.0.4472.114 Safari/537.36"
84.185.154.173,05/Aug/2024:01:10:14,PUT /contact HTTP/2.0,403,1280,https://www.facebook.com,Mozilla/5.0 (Windows NT 10.0; Win64; x64; rv:89.0) Gecko/20100101 Firefox/89.0
53.92.225.124,28/Jul/2024:20:10:10,PUT /about HTTP/1.0,400,1291,-,"Mozilla/5.0 (Windows NT 10.0; Win64; x64) AppleWebKit/537.36 (KHTML, like Gecko) Edge/91.0.864.59"
234.106.157.102,29/Jul/2024:16:12:17,GET /blog HTTP/2.0,301,4523,https://www.bing.com,"Mozilla/5.0 (Macintosh; Intel Mac OS X 10_15_7) AppleWebKit/537.36 (KHTML, like Gecko) Chrome/91.0.4472.114 Safari/537.36"
181.72.216.171,09/Aug/2024:02:03:49,PUT /login HTTP/2.0,400,3946,https://www.twitter.com,"Mozilla/5.0 (Macintosh; Intel Mac OS X 10_15_7) AppleWebKit/537.36 (KHTML, like Gecko) Chrome/91.0.4472.114 Safari/537.36"
83.183.126.28,26/Jul/2024:15:46:29,GET /signup HTTP/2.0,502,611,https://www.linkedin.com,"Mozilla/5.0 (Windows NT 10.0; Win64; x64) AppleWebKit/537.36 (KHTML, like Gecko) Chrome/91.0.4472.124 Safari/537.36"
137.160.90.220,03/Aug/2024:10:11:30,DELETE /home HTTP/2.0,301,729,https://www.bing.com,Mozilla/5.0 (X11; Ubuntu; Linux x86_64; rv:89.0) Gecko/20100101 Firefox/89.0
66.127.169.147,30/Jul/2024:08:15:12,DELETE /about HTTP/1.1,400,1682,https://www.google.com,"Mozilla/5.0 (Windows NT 10.0; Win64; x64) AppleWebKit/537.36 (KHTML, like Gecko) Edge/91.0.864.59"
23.140.10.12,19/Jul/2024:22:47:09,GET /home HTTP/1.1,404,4246,https://www.linkedin.com,Mozilla/5.0 (X11; Ubuntu; Linux x86_64; rv:89.0) Gecko/20100101 Firefox/89.0
207.59.91.249,04/Aug/2024:13:21:54,PUT /signup HTTP/1.0,200,3245,https://www.linkedin.com,"Mozilla/5.0 (Windows NT 10.0; Win64; x64) AppleWebKit/537.36 (KHTML, like Gecko) Edge/91.0.864.59"
27.241.163.206,17/Jul/2024:15:29:56,DELETE /signup HTTP/1.1,200,718,https://www.bing.com,"Mozilla/5.0 (Windows NT 10.0; Win64; x64) AppleWebKit/537.36 (KHTML, like Gecko) Edge/91.0.864.59"
45.85.196.57,23/Jul/2024:17:37:33,PUT /contact HTTP/1.0,500,3492,https://www.twitter.com,"Mozilla/5.0 (Windows NT 10.0; Win64; x64) AppleWebKit/537.36 (KHTML, like Gecko) Edge/91.0.864.59"
143.187.238.106,12/Jul/2024:19:08:23,DELETE /home HTTP/1.1,400,3953,https://www.bing.com,"Mozilla/5.0 (Windows NT 10.0; Win64; x64) AppleWebKit/537.36 (KHTML, like Gecko) Edge/91.0.864.59"
114.170.94.92,29/Jul/2024:19:58:06,PUT /products HTTP/1.0,301,2615,https://www.facebook.com,Mozilla/5.0 (Windows NT 10.0; Win64; x64; rv:89.0) Gecko/20100101 Firefox/89.0
213.47.179.98,29/Jul/2024:20:12:08,PUT /about HTTP/1.0,301,2754,https://www.google.com,"Mozilla/5.0 (Windows NT 10.0; Win64; x64) AppleWebKit/537.36 (KHTML, like Gecko) Chrome/91.0.4472.124 Safari/537.36"
165.122.137.176,20/Jul/2024:11:28:19,DELETE /about HTTP/1.0,400,2844,-,"Mozilla/5.0 (Windows NT 10.0; Win64; x64) AppleWebKit/537.36 (KHTML, like Gecko) Chrome/91.0.4472.124 Safari/537.36"
119.235.131.198,05/Aug/2024:02:08:48,POST /blog HTTP/1.0,500,584,https://www.google.com,"Mozilla/5.0 (Macintosh; Intel Mac OS X 10_15_7) AppleWebKit/537.36 (KHTML, like Gecko) Chrome/91.0.4472.114 Safari/537.36"
78.199.162.36,03/Aug/2024:05:36:08,GET /blog HTTP/1.1,400,4286,https://www.linkedin.com,"Mozilla/5.0 (Windows NT 10.0; Win64; x64) AppleWebKit/537.36 (KHTML, like Gecko) Edge/91.0.864.59"
168.196.9.235,01/Aug/2024:04:50:58,PUT /signup HTTP/2.0,403,4299,https://www.facebook.com,"Mozilla/5.0 (Windows NT 10.0; Win64; x64) AppleWebKit/537.36 (KHTML, like Gecko) Edge/91.0.864.59"
49.14.99.107,01/Aug/2024:16:16:11,POST /products HTTP/1.1,400,3967,-,"Mozilla/5.0 (Macintosh; Intel Mac OS X 10_15_7) AppleWebKit/537.36 (KHTML, like Gecko) Chrome/91.0.4472.114 Safari/537.36"
175.216.242.245,26/Jul/2024:15:08:16,POST /products HTTP/2.0,500,4869,https://www.linkedin.com,"Mozilla/5.0 (Windows NT 10.0; Win64; x64) AppleWebKit/537.36 (KHTML, like Gecko) Edge/91.0.864.59"
5.234.174.211,30/Jul/2024:22:53:41,PUT /signup HTTP/1.0,400,793,https://www.google.com,Mozilla/5.0 (Windows NT 10.0; Win64; x64; rv:89.0) Gecko/20100101 Firefox/89.0
47.89.244.1,14/Jul/2024:13:06:57,POST /products HTTP/2.0,404,570,https://www.facebook.com,"Mozilla/5.0 (Windows NT 10.0; Win64; x64) AppleWebKit/537.36 (KHTML, like Gecko) Chrome/91.0.4472.124 Safari/537.36"
197.140.84.17,09/Aug/2024:04:22:04,PUT /contact HTTP/1.1,404,2130,https://www.google.com,"Mozilla/5.0 (Macintosh; Intel Mac OS X 10_15_7) AppleWebKit/537.36 (KHTML, like Gecko) Chrome/91.0.4472.114 Safari/537.36"
176.34.81.131,14/Jul/2024:13:40:53,DELETE /about HTTP/1.0,500,3555,https://www.google.com,Mozilla/5.0 (X11; Ubuntu; Linux x86_64; rv:89.0) Gecko/20100101 Firefox/89.0
168.165.146.4,03/Aug/2024:11:05:59,GET /products HTTP/2.0,404,4088,-,Mozilla/5.0 (X11; Ubuntu; Linux x86_64; rv:89.0) Gecko/20100101 Firefox/89.0
158.235.214.78,09/Aug/2024:05:35:54,DELETE /blog HTTP/2.0,403,4088,https://www.google.com,"Mozilla/5.0 (Windows NT 10.0; Win64; x64) AppleWebKit/537.36 (KHTML, like Gecko) Edge/91.0.864.59"
248.100.181.150,15/Jul/2024:09:50:06,POST /signup HTTP/1.0,502,2838,https://www.bing.com,"Mozilla/5.0 (Windows NT 10.0; Win64; x64) AppleWebKit/537.36 (KHTML, like Gecko) Chrome/91.0.4472.124 Safari/537.36"
164.187.222.161,24/Jul/2024:08:43:41,DELETE /products HTTP/1.0,500,3060,-,Mozilla/5.0 (Windows NT 10.0; Win64; x64; rv:89.0) Gecko/20100101 Firefox/89.0
245.26.122.174,14/Jul/2024:18:52:20,GET /products HTTP/2.0,301,2778,-,"Mozilla/5.0 (iPhone; CPU iPhone OS 14_6 like Mac OS X) AppleWebKit/605.1.15 (KHTML, like Gecko) Version/14.1.1 Mobile/15E148 Safari/604.1"
42.30.216.193,18/Jul/2024:08:02:34,POST /contact HTTP/1.0,404,3903,-,"Mozilla/5.0 (Windows NT 10.0; Win64; x64) AppleWebKit/537.36 (KHTML, like Gecko) Chrome/91.0.4472.124 Safari/537.36"
51.121.171.195,09/Aug/2024:21:36:42,PUT /blog HTTP/1.0,403,3280,-,"Mozilla/5.0 (iPhone; CPU iPhone OS 14_6 like Mac OS X) AppleWebKit/605.1.15 (KHTML, like Gecko) Version/14.1.1 Mobile/15E148 Safari/604.1"
154.54.87.131,01/Aug/2024:16:16:09,GET /products HTTP/1.0,200,4770,https://www.bing.com,"Mozilla/5.0 (iPhone; CPU iPhone OS 14_6 like Mac OS X) AppleWebKit/605.1.15 (KHTML, like Gecko) Version/14.1.1 Mobile/15E148 Safari/604.1"
144.33.200.36,29/Jul/2024:17:27:11,POST /login HTTP/1.1,301,3579,https://www.linkedin.com,"Mozilla/5.0 (iPhone; CPU iPhone OS 14_6 like Mac OS X) AppleWebKit/605.1.15 (KHTML, like Gecko) Version/14.1.1 Mobile/15E148 Safari/604.1"
184.37.225.254,30/Jul/2024:02:00:01,DELETE /signup HTTP/1.1,500,3998,https://www.linkedin.com,Mozilla/5.0 (Windows NT 10.0; Win64; x64; rv:89.0) Gecko/20100101 Firefox/89.0
237.225.121.155,29/Jul/2024:19:53:22,GET /products HTTP/1.0,301,4916,https://www.twitter.com,"Mozilla/5.0 (Windows NT 10.0; Win64; x64) AppleWebKit/537.36 (KHTML, like Gecko) Edge/91.0.864.59"
208.94.82.214,15/Jul/2024:21:15:35,DELETE /signup HTTP/1.0,400,301,https://www.facebook.com,Mozilla/5.0 (Windows NT 10.0; Win64; x64; rv:89.0) Gecko/20100101 Firefox/89.0
152.143.46.71,27/Jul/2024:05:43:45,PUT /about HTTP/1.0,500,4199,https://www.twitter.com,"Mozilla/5.0 (Windows NT 10.0; Win64; x64) AppleWebKit/537.36 (KHTML, like Gecko) Edge/91.0.864.59"
120.159.18.97,23/Jul/2024:13:09:19,DELETE /blog HTTP/1.0,400,2284,-,"Mozilla/5.0 (Windows NT 10.0; Win64; x64) AppleWebKit/537.36 (KHTML, like Gecko) Chrome/91.0.4472.124 Safari/537.36"
132.88.26.211,30/Jul/2024:21:47:27,POST /products HTTP/2.0,400,2179,https://www.facebook.com,Mozilla/5.0 (X11; Ubuntu; Linux x86_64; rv:89.0) Gecko/20100101 Firefox/89.0
38.112.9.176,01/Aug/2024:13:05:00,GET /blog HTTP/2.0,403,1588,https://www.linkedin.com,Mozilla/5.0 (X11; Ubuntu; Linux x86_64; rv:89.0) Gecko/20100101 Firefox/89.0
165.117.152.174,07/Aug/2024:20:41:23,GET /home HTTP/1.1,500,4429,https://www.bing.com,"Mozilla/5.0 (Windows NT 10.0; Win64; x64) AppleWebKit/537.36 (KHTML, like Gecko) Edge/91.0.864.59"
173.200.12.127,26/Jul/2024:01:56:16,DELETE /blog HTTP/1.0,500,3768,https://www.google.com,"Mozilla/5.0 (iPhone; CPU iPhone OS 14_6 like Mac OS X) AppleWebKit/605.1.15 (KHTML, like Gecko) Version/14.1.1 Mobile/15E148 Safari/604.1"
76.148.50.133,14/Jul/2024:07:16:50,POST /signup HTTP/1.1,403,3677,https://www.google.com,Mozilla/5.0 (X11; Ubuntu; Linux x86_64; rv:89.0) Gecko/20100101 Firefox/89.0
131.147.211.223,05/Aug/2024:17:54:21,GET /about HTTP/2.0,500,4047,https://www.bing.com,"Mozilla/5.0 (Windows NT 10.0; Win64; x64) AppleWebKit/537.36 (KHTML, like Gecko) Chrome/91.0.4472.124 Safari/537.36"
129.237.30.182,27/Jul/2024:09:41:26,DELETE /home HTTP/1.1,502,3321,https://www.twitter.com,"Mozilla/5.0 (Windows NT 10.0; Win64; x64) AppleWebKit/537.36 (KHTML, like Gecko) Chrome/91.0.4472.124 Safari/537.36"
84.10.100.26,09/Aug/2024:15:04:12,DELETE /home HTTP/1.0,403,499,https://www.bing.com,"Mozilla/5.0 (Macintosh; Intel Mac OS X 10_15_7) AppleWebKit/537.36 (KHTML, like Gecko) Chrome/91.0.4472.114 Safari/537.36"
4.140.195.219,29/Jul/2024:01:22:32,DELETE /contact HTTP/2.0,502,1637,https://www.facebook.com,"Mozilla/5.0 (Macintosh; Intel Mac OS X 10_15_7) AppleWebKit/537.36 (KHTML, like Gecko) Chrome/91.0.4472.114 Safari/537.36"
3.0.238.170,30/Jul/2024:04:27:29,DELETE /home HTTP/1.0,403,2734,https://www.linkedin.com,"Mozilla/5.0 (Windows NT 10.0; Win64; x64) AppleWebKit/537.36 (KHTML, like Gecko) Chrome/91.0.4472.124 Safari/537.36"
222.208.146.227,31/Jul/2024:17:24:35,POST /home HTTP/2.0,200,3322,https://www.twitter.com,"Mozilla/5.0 (Windows NT 10.0; Win64; x64) AppleWebKit/537.36 (KHTML, like Gecko) Chrome/91.0.4472.124 Safari/537.36"
209.143.229.170,04/Aug/2024:01:41:28,GET /products HTTP/1.0,200,4951,https://www.facebook.com,"Mozilla/5.0 (Windows NT 10.0; Win64; x64) AppleWebKit/537.36 (KHTML, like Gecko) Chrome/91.0.4472.124 Safari/537.36"
23.111.1.209,13/Jul/2024:08:01:12,DELETE /signup HTTP/1.0,400,2750,https://www.linkedin.com,"Mozilla/5.0 (Macintosh; Intel Mac OS X 10_15_7) AppleWebKit/537.36 (KHTML, like Gecko) Chrome/91.0.4472.114 Safari/537.36"
144.47.229.37,13/Jul/2024:17:13:33,POST /blog HTTP/1.0,200,2278,-,"Mozilla/5.0 (iPhone; CPU iPhone OS 14_6 like Mac OS X) AppleWebKit/605.1.15 (KHTML, like Gecko) Version/14.1.1 Mobile/15E148 Safari/604.1"
194.253.68.63,16/Jul/2024:00:30:41,GET /about HTTP/2.0,500,494,-,Mozilla/5.0 (Windows NT 10.0; Win64; x64; rv:89.0) Gecko/20100101 Firefox/89.0
17.100.24.119,15/Jul/2024:10:48:31,POST /contact HTTP/2.0,502,2187,https://www.bing.com,Mozilla/5.0 (Windows NT 10.0; Win64; x64; rv:89.0) Gecko/20100101 Firefox/89.0
255.175.87.39,21/Jul/2024:14:12:06,GET /about HTTP/2.0,403,4108,https://www.linkedin.com,"Mozilla/5.0 (Windows NT 10.0; Win64; x64) AppleWebKit/537.36 (KHTML, like Gecko) Chrome/91.0.4472.124 Safari/537.36"
236.94.172.243,20/Jul/2024:10:33:44,PUT /about HTTP/2.0,301,3341,https://www.facebook.com,Mozilla/5.0 (Windows NT 10.0; Win64; x64; rv:89.0) Gecko/20100101 Firefox/89.0
181.16.240.37,11/Aug/2024:01:32:29,PUT /signup HTTP/1.0,400,1594,-,Mozilla/5.0 (X11; Ubuntu; Linux x86_64; rv:89.0) Gecko/20100101 Firefox/89.0
67.178.237.42,13/Jul/2024:12:57:01,DELETE /blog HTTP/1.0,500,4480,https://www.google.com,"Mozilla/5.0 (Macintosh; Intel Mac OS X 10_15_7) AppleWebKit/537.36 (KHTML, like Gecko) Chrome/91.0.4472.114 Safari/537.36"
83.73.26.122,18/Jul/2024:04:14:35,GET /login HTTP/1.0,502,2567,https://www.google.com,Mozilla/5.0 (X11; Ubuntu; Linux x86_64; rv:89.0) Gecko/20100101 Firefox/89.0
85.161.119.129,26/Jul/2024:23:00:08,POST /home HTTP/1.1,404,2250,-,Mozilla/5.0 (Windows NT 10.0; Win64; x64; rv:89.0) Gecko/20100101 Firefox/89.0
93.118.208.163,25/Jul/2024:06:14:22,GET /login HTTP/2.0,404,1375,https://www.facebook.com,"Mozilla/5.0 (Windows NT 10.0; Win64; x64) AppleWebKit/537.36 (KHTML, like Gecko) Chrome/91.0.4472.124 Safari/537.36"
179.247.69.157,23/Jul/2024:17:11:16,PUT /signup HTTP/1.0,502,1717,https://www.google.com,"Mozilla/5.0 (Windows NT 10.0; Win64; x64) AppleWebKit/537.36 (KHTML, like Gecko) Chrome/91.0.4472.124 Safari/537.36"
255.183.70.65,17/Jul/2024:17:09:14,PUT /home HTTP/1.0,200,3999,-,Mozilla/5.0 (X11; Ubuntu; Linux x86_64; rv:89.0) Gecko/20100101 Firefox/89.0
204.27.101.215,09/Aug/2024:08:52:39,POST /login HTTP/1.1,404,4566,https://www.twitter.com,"Mozilla/5.0 (Windows NT 10.0; Win64; x64) AppleWebKit/537.36 (KHTML, like Gecko) Chrome/91.0.4472.124 Safari/537.36"
214.204.49.228,01/Aug/2024:20:16:52,GET /blog HTTP/1.1,500,626,https://www.linkedin.com,"Mozilla/5.0 (Macintosh; Intel Mac OS X 10_15_7) AppleWebKit/537.36 (KHTML, like Gecko) Chrome/91.0.4472.114 Safari/537.36"
220.25.126.138,19/Jul/2024:05:57:11,DELETE /blog HTTP/1.1,502,357,-,Mozilla/5.0 (Windows NT 10.0; Win64; x64; rv:89.0) Gecko/20100101 Firefox/89.0
35.205.142.135,01/Aug/2024:15:07:58,DELETE /signup HTTP/1.0,200,2795,https://www.facebook.com,Mozilla/5.0 (X11; Ubuntu; Linux x86_64; rv:89.0) Gecko/20100101 Firefox/89.0
235.54.122.5,15/Jul/2024:18:37:57,PUT /about HTTP/2.0,500,2947,https://www.facebook.com,"Mozilla/5.0 (iPhone; CPU iPhone OS 14_6 like Mac OS X) AppleWebKit/605.1.15 (KHTML, like Gecko) Version/14.1.1 Mobile/15E148 Safari/604.1"
96.17.214.240,10/Aug/2024:23:51:49,DELETE /login HTTP/1.1,502,1673,https://www.linkedin.com,"Mozilla/5.0 (iPhone; CPU iPhone OS 14_6 like Mac OS X) AppleWebKit/605.1.15 (KHTML, like Gecko) Version/14.1.1 Mobile/15E148 Safari/604.1"
175.179.243.149,14/Jul/2024:11:09:41,POST /home HTTP/1.1,404,829,https://www.bing.com,"Mozilla/5.0 (iPhone; CPU iPhone OS 14_6 like Mac OS X) AppleWebKit/605.1.15 (KHTML, like Gecko) Version/14.1.1 Mobile/15E148 Safari/604.1"
208.134.91.19,29/Jul/2024:23:01:47,GET /products HTTP/1.1,400,1181,https://www.facebook.com,"Mozilla/5.0 (Windows NT 10.0; Win64; x64) AppleWebKit/537.36 (KHTML, like Gecko) Chrome/91.0.4472.124 Safari/537.36"
218.14.235.21,07/Aug/2024:10:20:58,POST /blog HTTP/1.1,403,884,https://www.facebook.com,"Mozilla/5.0 (iPhone; CPU iPhone OS 14_6 like Mac OS X) AppleWebKit/605.1.15 (KHTML, like Gecko) Version/14.1.1 Mobile/15E148 Safari/604.1"
207.7.190.30,04/Aug/2024:05:57:18,PUT /blog HTTP/1.0,403,4320,https://www.facebook.com,Mozilla/5.0 (X11; Ubuntu; Linux x86_64; rv:89.0) Gecko/20100101 Firefox/89.0
20.81.57.239,07/Aug/2024:10:06:36,DELETE /login HTTP/1.1,200,256,https://www.facebook.com,Mozilla/5.0 (X11; Ubuntu; Linux x86_64; rv:89.0) Gecko/20100101 Firefox/89.0
221.60.187.247,08/Aug/2024:13:19:44,DELETE /login HTTP/1.0,200,2713,https://www.bing.com,Mozilla/5.0 (Windows NT 10.0; Win64; x64; rv:89.0) Gecko/20100101 Firefox/89.0
73.59.81.84,20/Jul/2024:12:09:36,DELETE /signup HTTP/2.0,403,1888,https://www.facebook.com,"Mozilla/5.0 (iPhone; CPU iPhone OS 14_6 like Mac OS X) AppleWebKit/605.1.15 (KHTML, like Gecko) Version/14.1.1 Mobile/15E148 Safari/604.1"
166.236.37.204,14/Jul/2024:12:23:11,POST /contact HTTP/1.1,404,3029,-,"Mozilla/5.0 (Windows NT 10.0; Win64; x64) AppleWebKit/537.36 (KHTML, like Gecko) Chrome/91.0.4472.124 Safari/537.36"
31.252.4.242,26/Jul/2024:01:09:14,POST /products HTTP/1.0,400,4458,https://www.google.com,"Mozilla/5.0 (iPhone; CPU iPhone OS 14_6 like Mac OS X) AppleWebKit/605.1.15 (KHTML, like Gecko) Version/14.1.1 Mobile/15E148 Safari/604.1"
207.155.79.177,29/Jul/2024:18:20:24,PUT /login HTTP/2.0,400,4376,https://www.twitter.com,"Mozilla/5.0 (Macintosh; Intel Mac OS X 10_15_7) AppleWebKit/537.36 (KHTML, like Gecko) Chrome/91.0.4472.114 Safari/537.36"
174.231.91.40,05/Aug/2024:19:17:22,DELETE /blog HTTP/1.0,500,4032,https://www.google.com,"Mozilla/5.0 (iPhone; CPU iPhone OS 14_6 like Mac OS X) AppleWebKit/605.1.15 (KHTML, like Gecko) Version/14.1.1 Mobile/15E148 Safari/604.1"
0.250.156.195,20/Jul/2024:04:38:19,DELETE /signup HTTP/2.0,200,4415,https://www.twitter.com,"Mozilla/5.0 (Macintosh; Intel Mac OS X 10_15_7) AppleWebKit/537.36 (KHTML, like Gecko) Chrome/91.0.4472.114 Safari/537.36"
124.117.13.213,18/Jul/2024:20:34:37,POST /login HTTP/1.1,502,1601,https://www.twitter.com,Mozilla/5.0 (X11; Ubuntu; Linux x86_64; rv:89.0) Gecko/20100101 Firefox/89.0
25.4.102.27,13/Jul/2024:23:38:27,POST /about HTTP/2.0,403,4328,https://www.google.com,"Mozilla/5.0 (Macintosh; Intel Mac OS X 10_15_7) AppleWebKit/537.36 (KHTML, like Gecko) Chrome/91.0.4472.114 Safari/537.36"
177.30.210.42,07/Aug/2024:00:03:26,PUT /contact HTTP/2.0,301,371,https://www.linkedin.com,"Mozilla/5.0 (iPhone; CPU iPhone OS 14_6 like Mac OS X) AppleWebKit/605.1.15 (KHTML, like Gecko) Version/14.1.1 Mobile/15E148 Safari/604.1"
77.65.1.1,06/Aug/2024:05:45:02,POST /blog HTTP/2.0,200,3575,https://www.twitter.com,"Mozilla/5.0 (Windows NT 10.0; Win64; x64) AppleWebKit/537.36 (KHTML, like Gecko) Edge/91.0.864.59"
178.40.130.64,06/Aug/2024:15:19:30,PUT /products HTTP/1.1,400,1406,-,"Mozilla/5.0 (Windows NT 10.0; Win64; x64) AppleWebKit/537.36 (KHTML, like Gecko) Chrome/91.0.4472.124 Safari/537.36"
69.95.177.252,17/Jul/2024:13:48:39,GET /products HTTP/1.1,403,1378,https://www.google.com,"Mozilla/5.0 (Macintosh; Intel Mac OS X 10_15_7) AppleWebKit/537.36 (KHTML, like Gecko) Chrome/91.0.4472.114 Safari/537.36"
221.175.68.246,15/Jul/2024:04:22:43,DELETE /blog HTTP/1.1,500,307,-,"Mozilla/5.0 (Macintosh; Intel Mac OS X 10_15_7) AppleWebKit/537.36 (KHTML, like Gecko) Chrome/91.0.4472.114 Safari/537.36"
242.128.101.130,28/Jul/2024:16:47:45,DELETE /contact HTTP/2.0,502,1445,https://www.facebook.com,"Mozilla/5.0 (Windows NT 10.0; Win64; x64) AppleWebKit/537.36 (KHTML, like Gecko) Chrome/91.0.4472.124 Safari/537.36"
146.15.10.238,14/Jul/2024:21:10:06,POST /login HTTP/2.0,500,4785,https://www.bing.com,"Mozilla/5.0 (Windows NT 10.0; Win64; x64) AppleWebKit/537.36 (KHTML, like Gecko) Chrome/91.0.4472.124 Safari/537.36"
187.148.132.185,09/Aug/2024:03:45:55,GET /about HTTP/1.0,404,3180,https://www.linkedin.com,"Mozilla/5.0 (Windows NT 10.0; Win64; x64) AppleWebKit/537.36 (KHTML, like Gecko) Edge/91.0.864.59"
89.149.16.104,16/Jul/2024:13:39:00,POST /contact HTTP/1.0,403,330,https://www.twitter.com,"Mozilla/5.0 (iPhone; CPU iPhone OS 14_6 like Mac OS X) AppleWebKit/605.1.15 (KHTML, like Gecko) Version/14.1.1 Mobile/15E148 Safari/604.1"
44.213.203.163,23/Jul/2024:01:08:14,GET /about HTTP/2.0,200,960,https://www.linkedin.com,"Mozilla/5.0 (iPhone; CPU iPhone OS 14_6 like Mac OS X) AppleWebKit/605.1.15 (KHTML, like Gecko) Version/14.1.1 Mobile/15E148 Safari/604.1"
247.17.52.17,26/Jul/2024:03:27:13,GET /blog HTTP/1.0,400,4465,https://www.twitter.com,"Mozilla/5.0 (Windows NT 10.0; Win64; x64) AppleWebKit/537.36 (KHTML, like Gecko) Chrome/91.0.4472.124 Safari/537.36"
43.144.99.34,13/Jul/2024:10:05:35,PUT /products HTTP/1.0,301,499,-,Mozilla/5.0 (X11; Ubuntu; Linux x86_64; rv:89.0) Gecko/20100101 Firefox/89.0
66.115.190.65,17/Jul/2024:17:23:33,DELETE /about HTTP/1.0,301,2216,https://www.linkedin.com,"Mozilla/5.0 (Macintosh; Intel Mac OS X 10_15_7) AppleWebKit/537.36 (KHTML, like Gecko) Chrome/91.0.4472.114 Safari/537.36"
12.224.153.159,10/Aug/2024:20:25:12,GET /blog HTTP/2.0,200,4830,-,Mozilla/5.0 (Windows NT 10.0; Win64; x64; rv:89.0) Gecko/20100101 Firefox/89.0
203.69.90.57,10/Aug/2024:06:10:39,GET /contact HTTP/2.0,403,2973,https://www.bing.com,"Mozilla/5.0 (iPhone; CPU iPhone OS 14_6 like Mac OS X) AppleWebKit/605.1.15 (KHTML, like Gecko) Version/14.1.1 Mobile/15E148 Safari/604.1"
90.53.178.114,26/Jul/2024:08:31:01,PUT /signup HTTP/1.0,502,2951,https://www.bing.com,Mozilla/5.0 (Windows NT 10.0; Win64; x64; rv:89.0) Gecko/20100101 Firefox/89.0
245.217.121.160,24/Jul/2024:04:10:43,PUT /blog HTTP/2.0,301,364,https://www.bing.com,"Mozilla/5.0 (Windows NT 10.0; Win64; x64) AppleWebKit/537.36 (KHTML, like Gecko) Chrome/91.0.4472.124 Safari/537.36"
91.119.218.166,31/Jul/2024:23:45:33,GET /home HTTP/2.0,500,4563,https://www.facebook.com,Mozilla/5.0 (Windows NT 10.0; Win64; x64; rv:89.0) Gecko/20100101 Firefox/89.0
121.123.43.93,05/Aug/2024:10:00:30,PUT /blog HTTP/1.0,400,432,https://www.google.com,Mozilla/5.0 (X11; Ubuntu; Linux x86_64; rv:89.0) Gecko/20100101 Firefox/89.0
119.198.21.232,19/Jul/2024:14:47:13,PUT /signup HTTP/1.0,301,4057,https://www.google.com,Mozilla/5.0 (Windows NT 10.0; Win64; x64; rv:89.0) Gecko/20100101 Firefox/89.0
49.206.236.86,26/Jul/2024:17:37:06,POST /home HTTP/2.0,403,2211,https://www.facebook.com,Mozilla/5.0 (X11; Ubuntu; Linux x86_64; rv:89.0) Gecko/20100101 Firefox/89.0
188.250.155.3,24/Jul/2024:18:09:47,POST /blog HTTP/1.1,400,1410,https://www.google.com,"Mozilla/5.0 (Windows NT 10.0; Win64; x64) AppleWebKit/537.36 (KHTML, like Gecko) Edge/91.0.864.59"
147.26.53.137,23/Jul/2024:11:51:46,GET /signup HTTP/2.0,502,3112,https://www.linkedin.com,"Mozilla/5.0 (Windows NT 10.0; Win64; x64) AppleWebKit/537.36 (KHTML, like Gecko) Edge/91.0.864.59"
129.108.214.152,05/Aug/2024:02:05:02,POST /login HTTP/2.0,400,3747,https://www.bing.com,"Mozilla/5.0 (Macintosh; Intel Mac OS X 10_15_7) AppleWebKit/537.36 (KHTML, like Gecko) Chrome/91.0.4472.114 Safari/537.36"
72.79.211.13,27/Jul/2024:12:50:48,PUT /contact HTTP/2.0,502,4713,https://www.twitter.com,"Mozilla/5.0 (Windows NT 10.0; Win64; x64) AppleWebKit/537.36 (KHTML, like Gecko) Chrome/91.0.4472.124 Safari/537.36"
116.61.114.15,13/Jul/2024:14:20:08,DELETE /about HTTP/1.0,301,2090,https://www.facebook.com,"Mozilla/5.0 (Windows NT 10.0; Win64; x64) AppleWebKit/537.36 (KHTML, like Gecko) Edge/91.0.864.59"
172.196.4.143,13/Jul/2024:23:14:09,DELETE /signup HTTP/1.0,400,387,https://www.google.com,"Mozilla/5.0 (Macintosh; Intel Mac OS X 10_15_7) AppleWebKit/537.36 (KHTML, like Gecko) Chrome/91.0.4472.114 Safari/537.36"
168.212.242.192,24/Jul/2024:22:29:24,DELETE /products HTTP/2.0,502,688,https://www.bing.com,Mozilla/5.0 (Windows NT 10.0; Win64; x64; rv:89.0) Gecko/20100101 Firefox/89.0
55.107.140.88,14/Jul/2024:19:32:34,GET /signup HTTP/2.0,502,3737,https://www.google.com,"Mozilla/5.0 (iPhone; CPU iPhone OS 14_6 like Mac OS X) AppleWebKit/605.1.15 (KHTML, like Gecko) Version/14.1.1 Mobile/15E148 Safari/604.1"
243.60.50.117,29/Jul/2024:20:44:02,PUT /blog HTTP/1.0,200,4335,https://www.facebook.com,Mozilla/5.0 (X11; Ubuntu; Linux x86_64; rv:89.0) Gecko/20100101 Firefox/89.0
149.4.110.215,23/Jul/2024:00:05:46,GET /products HTTP/1.1,403,889,https://www.facebook.com,"Mozilla/5.0 (Windows NT 10.0; Win64; x64) AppleWebKit/537.36 (KHTML, like Gecko) Chrome/91.0.4472.124 Safari/537.36"
24.89.228.33,10/Aug/2024:07:55:26,GET /signup HTTP/2.0,200,4376,https://www.linkedin.com,Mozilla/5.0 (Windows NT 10.0; Win64; x64; rv:89.0) Gecko/20100101 Firefox/89.0
41.138.214.124,13/Jul/2024:11:03:27,PUT /home HTTP/1.1,400,2193,https://www.twitter.com,"Mozilla/5.0 (Windows NT 10.0; Win64; x64) AppleWebKit/537.36 (KHTML, like Gecko) Edge/91.0.864.59"
165.87.170.9,29/Jul/2024:19:20:59,POST /products HTTP/1.1,200,4631,https://www.bing.com,"Mozilla/5.0 (iPhone; CPU iPhone OS 14_6 like Mac OS X) AppleWebKit/605.1.15 (KHTML, like Gecko) Version/14.1.1 Mobile/15E148 Safari/604.1"
197.195.188.35,01/Aug/2024:20:04:25,PUT /home HTTP/1.1,404,4950,https://www.facebook.com,"Mozilla/5.0 (Windows NT 10.0; Win64; x64) AppleWebKit/537.36 (KHTML, like Gecko) Chrome/91.0.4472.124 Safari/537.36"
136.148.199.208,26/Jul/2024:05:15:02,DELETE /signup HTTP/2.0,301,207,https://www.bing.com,"Mozilla/5.0 (Windows NT 10.0; Win64; x64) AppleWebKit/537.36 (KHTML, like Gecko) Chrome/91.0.4472.124 Safari/537.36"
121.187.73.121,10/Aug/2024:11:51:51,POST /home HTTP/1.0,301,3120,https://www.bing.com,"Mozilla/5.0 (iPhone; CPU iPhone OS 14_6 like Mac OS X) AppleWebKit/605.1.15 (KHTML, like Gecko) Version/14.1.1 Mobile/15E148 Safari/604.1"
131.241.39.46,18/Jul/2024:03:20:05,PUT /home HTTP/1.0,400,2040,https://www.facebook.com,"Mozilla/5.0 (iPhone; CPU iPhone OS 14_6 like Mac OS X) AppleWebKit/605.1.15 (KHTML, like Gecko) Version/14.1.1 Mobile/15E148 Safari/604.1"
96.72.151.130,03/Aug/2024:07:36:34,GET /blog HTTP/1.0,500,457,https://www.facebook.com,Mozilla/5.0 (Windows NT 10.0; Win64; x64; rv:89.0) Gecko/20100101 Firefox/89.0
48.98.245.205,07/Aug/2024:23:27:03,DELETE /login HTTP/1.1,400,2204,https://www.google.com,"Mozilla/5.0 (Windows NT 10.0; Win64; x64) AppleWebKit/537.36 (KHTML, like Gecko) Chrome/91.0.4472.124 Safari/537.36"
144.70.124.131,31/Jul/2024:01:42:53,DELETE /products HTTP/1.0,403,4002,https://www.linkedin.com,"Mozilla/5.0 (Windows NT 10.0; Win64; x64) AppleWebKit/537.36 (KHTML, like Gecko) Chrome/91.0.4472.124 Safari/537.36"
165.192.179.167,05/Aug/2024:21:54:55,POST /about HTTP/1.1,403,3621,https://www.facebook.com,"Mozilla/5.0 (iPhone; CPU iPhone OS 14_6 like Mac OS X) AppleWebKit/605.1.15 (KHTML, like Gecko) Version/14.1.1 Mobile/15E148 Safari/604.1"
92.79.141.193,03/Aug/2024:10:26:19,PUT /blog HTTP/1.1,500,1058,https://www.linkedin.com,"Mozilla/5.0 (iPhone; CPU iPhone OS 14_6 like Mac OS X) AppleWebKit/605.1.15 (KHTML, like Gecko) Version/14.1.1 Mobile/15E148 Safari/604.1"
86.93.180.186,11/Aug/2024:10:49:21,DELETE /about HTTP/1.0,500,1277,-,"Mozilla/5.0 (Macintosh; Intel Mac OS X 10_15_7) AppleWebKit/537.36 (KHTML, like Gecko) Chrome/91.0.4472.114 Safari/537.36"
197.64.162.199,30/Jul/2024:23:25:33,PUT /home HTTP/1.0,200,4431,https://www.linkedin.com,"Mozilla/5.0 (Macintosh; Intel Mac OS X 10_15_7) AppleWebKit/537.36 (KHTML, like Gecko) Chrome/91.0.4472.114 Safari/537.36"
108.97.137.49,14/Jul/2024:12:14:41,PUT /login HTTP/1.1,301,4049,https://www.twitter.com,"Mozilla/5.0 (Macintosh; Intel Mac OS X 10_15_7) AppleWebKit/537.36 (KHTML, like Gecko) Chrome/91.0.4472.114 Safari/537.36"
145.43.178.23,25/Jul/2024:03:44:16,POST /contact HTTP/2.0,200,4672,https://www.twitter.com,"Mozilla/5.0 (iPhone; CPU iPhone OS 14_6 like Mac OS X) AppleWebKit/605.1.15 (KHTML, like Gecko) Version/14.1.1 Mobile/15E148 Safari/604.1"
179.172.39.167,05/Aug/2024:16:11:21,PUT /signup HTTP/1.1,400,1803,https://www.google.com,"Mozilla/5.0 (Macintosh; Intel Mac OS X 10_15_7) AppleWebKit/537.36 (KHTML, like Gecko) Chrome/91.0.4472.114 Safari/537.36"
125.4.130.136,09/Aug/2024:12:58:45,PUT /home HTTP/1.0,404,1447,-,Mozilla/5.0 (Windows NT 10.0; Win64; x64; rv:89.0) Gecko/20100101 Firefox/89.0
47.105.172.46,19/Jul/2024:17:44:46,PUT /contact HTTP/1.1,502,3712,https://www.bing.com,"Mozilla/5.0 (iPhone; CPU iPhone OS 14_6 like Mac OS X) AppleWebKit/605.1.15 (KHTML, like Gecko) Version/14.1.1 Mobile/15E148 Safari/604.1"
243.197.217.209,28/Jul/2024:13:02:49,PUT /home HTTP/1.0,301,1471,https://www.twitter.com,"Mozilla/5.0 (Macintosh; Intel Mac OS X 10_15_7) AppleWebKit/537.36 (KHTML, like Gecko) Chrome/91.0.4472.114 Safari/537.36"
112.12.66.189,10/Aug/2024:06:12:24,GET /signup HTTP/1.1,500,946,-,Mozilla/5.0 (Windows NT 10.0; Win64; x64; rv:89.0) Gecko/20100101 Firefox/89.0
86.115.11.75,09/Aug/2024:02:39:40,GET /blog HTTP/1.0,400,4778,https://www.google.com,"Mozilla/5.0 (Windows NT 10.0; Win64; x64) AppleWebKit/537.36 (KHTML, like Gecko) Chrome/91.0.4472.124 Safari/537.36"
249.183.100.186,10/Aug/2024:23:13:59,PUT /about HTTP/1.0,403,1478,https://www.bing.com,Mozilla/5.0 (Windows NT 10.0; Win64; x64; rv:89.0) Gecko/20100101 Firefox/89.0
62.217.28.222,27/Jul/2024:22:05:02,PUT /products HTTP/1.1,404,1781,-,"Mozilla/5.0 (Windows NT 10.0; Win64; x64) AppleWebKit/537.36 (KHTML, like Gecko) Edge/91.0.864.59"
31.207.255.255,16/Jul/2024:10:10:04,GET /blog HTTP/1.0,403,2309,https://www.bing.com,Mozilla/5.0 (Windows NT 10.0; Win64; x64; rv:89.0) Gecko/20100101 Firefox/89.0
63.179.140.48,11/Aug/2024:00:50:25,GET /signup HTTP/1.0,200,3728,https://www.bing.com,Mozilla/5.0 (Windows NT 10.0; Win64; x64; rv:89.0) Gecko/20100101 Firefox/89.0
124.5.43.245,08/Aug/2024:13:07:56,PUT /home HTTP/2.0,301,277,https://www.facebook.com,"Mozilla/5.0 (Windows NT 10.0; Win64; x64) AppleWebKit/537.36 (KHTML, like Gecko) Chrome/91.0.4472.124 Safari/537.36"
171.186.39.225,01/Aug/2024:22:50:08,DELETE /login HTTP/1.0,500,4722,https://www.twitter.com,"Mozilla/5.0 (Windows NT 10.0; Win64; x64) AppleWebKit/537.36 (KHTML, like Gecko) Chrome/91.0.4472.124 Safari/537.36"
152.165.87.245,05/Aug/2024:05:04:13,POST /contact HTTP/2.0,404,4582,https://www.twitter.com,"Mozilla/5.0 (Macintosh; Intel Mac OS X 10_15_7) AppleWebKit/537.36 (KHTML, like Gecko) Chrome/91.0.4472.114 Safari/537.36"
52.79.160.197,05/Aug/2024:21:00:29,GET /products HTTP/1.0,400,2758,-,Mozilla/5.0 (X11; Ubuntu; Linux x86_64; rv:89.0) Gecko/20100101 Firefox/89.0
205.5.206.73,25/Jul/2024:12:51:32,DELETE /home HTTP/2.0,502,962,-,"Mozilla/5.0 (Windows NT 10.0; Win64; x64) AppleWebKit/537.36 (KHTML, like Gecko) Edge/91.0.864.59"
248.135.211.25,02/Aug/2024:21:40:14,GET /about HTTP/2.0,403,2288,https://www.linkedin.com,"Mozilla/5.0 (Macintosh; Intel Mac OS X 10_15_7) AppleWebKit/537.36 (KHTML, like Gecko) Chrome/91.0.4472.114 Safari/537.36"
150.172.212.197,08/Aug/2024:04:13:00,POST /products HTTP/2.0,301,4885,https://www.bing.com,Mozilla/5.0 (Windows NT 10.0; Win64; x64; rv:89.0) Gecko/20100101 Firefox/89.0
53.99.188.183,22/Jul/2024:11:24:39,POST /products HTTP/2.0,500,3144,https://www.bing.com,Mozilla/5.0 (Windows NT 10.0; Win64; x64; rv:89.0) Gecko/20100101 Firefox/89.0
182.84.210.107,02/Aug/2024:08:34:20,DELETE /products HTTP/2.0,400,4006,https://www.facebook.com,Mozilla/5.0 (X11; Ubuntu; Linux x86_64; rv:89.0) Gecko/20100101 Firefox/89.0
232.238.124.190,30/Jul/2024:03:12:35,POST /products HTTP/1.0,403,1798,https://www.linkedin.com,Mozilla/5.0 (X11; Ubuntu; Linux x86_64; rv:89.0) Gecko/20100101 Firefox/89.0
21.202.9.145,29/Jul/2024:07:06:10,POST /home HTTP/1.1,400,2884,https://www.twitter.com,"Mozilla/5.0 (iPhone; CPU iPhone OS 14_6 like Mac OS X) AppleWebKit/605.1.15 (KHTML, like Gecko) Version/14.1.1 Mobile/15E148 Safari/604.1"
11.147.205.253,05/Aug/2024:07:17:12,PUT /products HTTP/2.0,400,1841,https://www.facebook.com,"Mozilla/5.0 (Macintosh; Intel Mac OS X 10_15_7) AppleWebKit/537.36 (KHTML, like Gecko) Chrome/91.0.4472.114 Safari/537.36"
50.116.153.233,09/Aug/2024:12:31:59,POST /login HTTP/2.0,301,1274,https://www.bing.com,"Mozilla/5.0 (Windows NT 10.0; Win64; x64) AppleWebKit/537.36 (KHTML, like Gecko) Chrome/91.0.4472.124 Safari/537.36"
33.115.237.176,21/Jul/2024:16:17:16,GET /signup HTTP/2.0,301,4391,https://www.linkedin.com,Mozilla/5.0 (X11; Ubuntu; Linux x86_64; rv:89.0) Gecko/20100101 Firefox/89.0
128.135.159.121,22/Jul/2024:15:03:36,GET /signup HTTP/1.0,301,1784,https://www.google.com,Mozilla/5.0 (Windows NT 10.0; Win64; x64; rv:89.0) Gecko/20100101 Firefox/89.0
168.91.223.129,10/Aug/2024:09:53:54,DELETE /home HTTP/1.0,403,3989,https://www.facebook.com,"Mozilla/5.0 (Windows NT 10.0; Win64; x64) AppleWebKit/537.36 (KHTML, like Gecko) Edge/91.0.864.59"
243.95.249.175,20/Jul/2024:22:19:38,POST /about HTTP/1.1,403,1891,https://www.bing.com,"Mozilla/5.0 (Macintosh; Intel Mac OS X 10_15_7) AppleWebKit/537.36 (KHTML, like Gecko) Chrome/91.0.4472.114 Safari/537.36"
85.121.209.151,01/Aug/2024:05:32:48,GET /about HTTP/1.0,301,1892,https://www.google.com,"Mozilla/5.0 (Macintosh; Intel Mac OS X 10_15_7) AppleWebKit/537.36 (KHTML, like Gecko) Chrome/91.0.4472.114 Safari/537.36"
186.137.214.169,21/Jul/2024:09:16:05,DELETE /signup HTTP/1.0,400,4392,https://www.linkedin.com,Mozilla/5.0 (X11; Ubuntu; Linux x86_64; rv:89.0) Gecko/20100101 Firefox/89.0
248.196.64.255,06/Aug/2024:21:58:26,GET /products HTTP/1.1,502,2379,https://www.google.com,"Mozilla/5.0 (iPhone; CPU iPhone OS 14_6 like Mac OS X) AppleWebKit/605.1.15 (KHTML, like Gecko) Version/14.1.1 Mobile/15E148 Safari/604.1"
39.61.14.16,20/Jul/2024:19:30:35,GET /contact HTTP/2.0,403,263,https://www.facebook.com,"Mozilla/5.0 (Windows NT 10.0; Win64; x64) AppleWebKit/537.36 (KHTML, like Gecko) Chrome/91.0.4472.124 Safari/537.36"
74.95.228.33,24/Jul/2024:18:42:43,DELETE /products HTTP/1.1,403,2470,https://www.linkedin.com,Mozilla/5.0 (X11; Ubuntu; Linux x86_64; rv:89.0) Gecko/20100101 Firefox/89.0
183.65.107.118,19/Jul/2024:08:55:42,PUT /about HTTP/1.0,500,2843,https://www.google.com,"Mozilla/5.0 (Windows NT 10.0; Win64; x64) AppleWebKit/537.36 (KHTML, like Gecko) Chrome/91.0.4472.124 Safari/537.36"
103.10.232.26,13/Jul/2024:10:57:24,DELETE /about HTTP/2.0,200,2540,https://www.linkedin.com,Mozilla/5.0 (X11; Ubuntu; Linux x86_64; rv:89.0) Gecko/20100101 Firefox/89.0
135.65.236.65,10/Aug/2024:01:36:13,PUT /home HTTP/2.0,400,1892,https://www.bing.com,"Mozilla/5.0 (Windows NT 10.0; Win64; x64) AppleWebKit/537.36 (KHTML, like Gecko) Edge/91.0.864.59"
150.65.137.138,28/Jul/2024:17:11:02,POST /contact HTTP/1.1,301,1926,https://www.twitter.com,Mozilla/5.0 (X11; Ubuntu; Linux x86_64; rv:89.0) Gecko/20100101 Firefox/89.0
